step,time_au,e_ss,e_pp,e_ps,e_sb,e_pb,e_bb,e_hartree_check,e_external_check,norm_wp,norm_total
1933,77.32,-219.325951394,-5.49993692633e-18,-1.54108138128e-07,434.108833982,1.54402918156e-07,-214.717785708,-219.325951548,434.108834136,1.36764793856e-08,99.9700449891
1934,77.36,-219.327327289,-5.45527073915e-18,-1.534809668e-07,434.109851381,1.53764188711e-07,-214.717785708,-219.327327443,434.109851535,1.36223297325e-08,99.9699538649
1935,77.4,-219.328645447,-5.4108051392e-18,-1.52853738383e-07,434.110826792,1.53125460287e-07,-214.717785708,-219.3286456,434.110826945,1.35683264257e-08,99.9698626368
1936,77.44,-219.329905875,-5.36656233396e-18,-1.52226726777e-07,434.111760319,1.52487009597e-07,-214.717785708,-219.329906028,434.111760472,1.35144865348e-08,99.9697713055
1937,77.48,-219.331108589,-5.32256584031e-18,-1.51600223273e-07,434.11265207,1.51849130717e-07,-214.717785708,-219.331108741,434.112652222,1.34608278e-08,99.9696798715
1938,77.52,-219.332253607,-5.27884002811e-18,-1.50974527446e-07,434.113502149,1.51212125929e-07,-214.717785708,-219.332253758,434.1135023,1.34073681013e-08,99.9695883351
1939,77.56,-219.333340951,-5.23540950084e-18,-1.50349938805e-07,434.114310664,1.50576297302e-07,-214.717785708,-219.333341102,434.114310815,1.33541249829e-08,99.9694966969
1940,77.6,-219.33437065,-5.19229833792e-18,-1.49726749407e-07,434.115077722,1.4994193927e-07,-214.717785708,-219.334370799,434.115077872,1.33011152416e-08,99.9694049573
1941,77.64,-219.335342734,-5.14952940853e-18,-1.49105237645e-07,434.115803428,1.49309332383e-07,-214.717785708,-219.335342883,434.115803578,1.32483545918e-08,99.969313117
1942,77.68,-219.336257241,-5.10712395696e-18,-1.48485663374e-07,434.116487891,1.48678738395e-07,-214.717785708,-219.336257389,434.11648804,1.31958574128e-08,99.9692211762
1943,77.72,-219.337114211,-5.06510146806e-18,-1.47868264435e-07,434.117131218,1.48050396768e-07,-214.717785708,-219.337114359,434.117131366,1.31436365819e-08,99.9691291356
1944,77.76,-219.33791369,-5.02347962885e-18,-1.47253254599e-07,434.117733515,1.4742452259e-07,-214.717785708,-219.337913837,434.117733662,1.30917033951e-08,99.9690369956
1945,77.8,-219.338655727,-4.98227418567e-18,-1.46640822893e-07,434.118294891,1.46801305896e-07,-214.717785708,-219.338655874,434.118295037,1.30400675719e-08,99.9689447568
1946,77.84,-219.339340378,-4.94149866667e-18,-1.46031134243e-07,434.118815452,1.46180912321e-07,-214.717785708,-219.339340524,434.118815598,1.29887373382e-08,99.9688524195
1947,77.88,-219.339967701,-4.90116413453e-18,-1.45424331347e-07,434.119295307,1.45563484982e-07,-214.717785708,-219.339967846,434.119295453,1.29377195798e-08,99.9687599843
1948,77.92,-219.340537759,-4.86127917104e-18,-1.44820537634e-07,434.119734563,1.44949147452e-07,-214.717785708,-219.340537903,434.119734708,1.28870200547e-08,99.9686674517
1949,77.96,-219.34105062,-4.82185013969e-18,-1.4421986109e-07,434.120133328,1.44338007607e-07,-214.717785708,-219.341050764,434.120133472,1.28366436514e-08,99.9685748222
1950,78,-219.341506356,-4.78288157005e-18,-1.43622398713e-07,434.120491709,1.43730162102e-07,-214.717785708,-219.3415065,434.120491853,1.27865946776e-08,99.9684820963
1951,78.04,-219.341905045,-4.74437644707e-18,-1.43028241334e-07,434.120809814,1.43125701224e-07,-214.717785708,-219.341905188,434.120809957,1.27368771662e-08,99.9683892745
1952,78.08,-219.342246767,-4.70633632517e-18,-1.42437478571e-07,434.121087751,1.42524713876e-07,-214.717785708,-219.342246909,434.121087894,1.26874951813e-08,99.9682963573
1953,78.12,-219.342531608,-4.66876139135e-18,-1.418502037e-07,434.121325627,1.41927292492e-07,-214.717785708,-219.34253175,434.121325769,1.26384531132e-08,99.9682033452
1954,78.16,-219.342759657,-4.63165067847e-18,-1.4126651826e-07,434.12152355,1.41333537671e-07,-214.717785708,-219.342759799,434.121523691,1.25897559469e-08,99.9681102386
1955,78.2,-219.342931011,-4.59500250567e-18,-1.40686536172e-07,434.121681627,1.40743562334e-07,-214.717785708,-219.342931151,434.121681767,1.25414094951e-08,99.9680170382
1956,78.24,-219.343045766,-4.55881501514e-18,-1.40110387212e-07,434.121799965,1.40157495224e-07,-214.717785708,-219.343045906,434.121800105,1.24934205857e-08,99.9679237444
1957,78.28,-219.343104027,-4.52308658279e-18,-1.39538219676e-07,434.121878673,1.39575483604e-07,-214.717785708,-219.343104166,434.121878812,1.24457971974e-08,99.9678303577
1958,78.32,-219.343105901,-4.4878159957e-18,-1.38970202169e-07,434.121917856,1.38997695075e-07,-214.717785708,-219.34310604,434.121917995,1.23985485404e-08,99.9677368786
1959,78.36,-219.343051501,-4.45300250215e-18,-1.38406524486e-07,434.121917622,1.38424318487e-07,-214.717785708,-219.343051639,434.121917761,1.23516850813e-08,99.9676433077
1960,78.4,-219.342940942,-4.41864594389e-18,-1.37847397605e-07,434.121878079,1.37855563955e-07,-214.717785708,-219.34294108,434.121878216,1.23052185115e-08,99.9675496455
1961,78.44,-219.342774345,-4.38474707308e-18,-1.37293052793e-07,434.121799332,1.37291661976e-07,-214.717785708,-219.342774483,434.121799469,1.22591616625e-08,99.9674558925
1962,78.48,-219.342551837,-4.35130794078e-18,-1.36743739862e-07,434.121681488,1.36732861702e-07,-214.717785708,-219.342551974,434.121681625,1.2213528373e-08,99.9673620491
1963,78.52,-219.342273546,-4.3183321314e-18,-1.3619972462e-07,434.121524655,1.36179428391e-07,-214.717785708,-219.342273682,434.121524791,1.21683333108e-08,99.967268116
1964,78.56,-219.341939605,-4.2858247204e-18,-1.35661285597e-07,434.121328938,1.35631640148e-07,-214.717785708,-219.341939741,434.121329074,1.21235917577e-08,99.9671740937
1965,78.6,-219.341550154,-4.25379204933e-18,-1.35128710168e-07,434.121094444,1.35089784041e-07,-214.717785708,-219.341550289,434.121094579,1.20793193634e-08,99.9670799827
1966,78.64,-219.341105335,-4.22224152991e-18,-1.3460229019e-07,434.120821278,1.34554151732e-07,-214.717785708,-219.34110547,434.120821413,1.20355318739e-08,99.9669857834
1967,78.68,-219.340605295,-4.19118159129e-18,-1.34082317235e-07,434.120509548,1.34025034706e-07,-214.717785708,-219.340605429,434.120509682,1.19922448412e-08,99.9668914966
1968,78.72,-219.340050184,-4.1606216736e-18,-1.33569077529e-07,434.120159357,1.33502719187e-07,-214.717785708,-219.340050318,434.120159491,1.194947332e-08,99.9667971226
1969,78.76,-219.339440159,-4.13057206094e-18,-1.3306284665e-07,434.119770813,1.32987480822e-07,-214.717785708,-219.339440292,434.119770946,1.19072315577e-08,99.9667026621
1970,78.8,-219.338775378,-4.10104345006e-18,-1.32563884105e-07,434.119344021,1.32479579245e-07,-214.717785708,-219.338775511,434.119344153,1.18655326829e-08,99.9666081156
1971,78.84,-219.338056006,-4.07204636379e-18,-1.32072427903e-07,434.118879086,1.31979252622e-07,-214.717785708,-219.338056138,434.118879218,1.18243883986e-08,99.9665134836
1972,78.88,-219.337282212,-4.04359062611e-18,-1.31588689249e-07,434.118376113,1.31486712327e-07,-214.717785708,-219.337282343,434.118376244,1.17838086857e-08,99.9664187666
1973,78.92,-219.336454166,-4.01568501428e-18,-1.31112847455e-07,434.117835207,1.31002137827e-07,-214.717785708,-219.336454297,434.117835338,1.17438015214e-08,99.9663239653
1974,78.96,-219.335572047,-3.98833700006e-18,-1.30645045169e-07,434.117256473,1.30525671894e-07,-214.717785708,-219.335572178,434.117256604,1.170437262e-08,99.9662290802
1975,79,-219.334636035,-3.96155239707e-18,-1.30185384022e-07,434.116640017,1.30057416229e-07,-214.717785708,-219.334636165,434.116640147,1.16655252009e-08,99.9661341118
1976,79.04,-219.333646314,-3.9353348396e-18,-1.29733920809e-07,434.115985942,1.2959742763e-07,-214.717785708,-219.333646444,434.115986072,1.1627259792e-08,99.9660390608
1977,79.08,-219.332603075,-3.90968521649e-18,-1.29290664351e-07,434.115294354,1.2914571483e-07,-214.717785708,-219.332603205,434.115294483,1.15895740731e-08,99.9659439276
1978,79.12,-219.331506511,-3.8846012686e-18,-1.28855573159e-07,434.114565356,1.28702236164e-07,-214.717785708,-219.33150664,434.114565484,1.15524627678e-08,99.9658487128
1979,79.16,-219.330356819,-3.86007744671e-18,-1.28428554018e-07,434.113799053,1.28266898131e-07,-214.717785708,-219.330356947,434.113799181,1.15159175873e-08,99.9657534171
1980,79.2,-219.3291542,-3.83610493371e-18,-1.28009461545e-07,434.11299555,1.27839554957e-07,-214.717785708,-219.329154328,434.112995677,1.14799272337e-08,99.965658041
1981,79.24,-219.327898862,-3.81267165584e-18,-1.27598098786e-07,434.11215495,1.27420009195e-07,-214.717785708,-219.327898989,434.112155077,1.14444774629e-08,99.965562585
1982,79.28,-219.326591013,-3.78976221359e-18,-1.2719421891e-07,434.111277357,1.27008013424e-07,-214.717785708,-219.32659114,434.111277484,1.1409551214e-08,99.9654670498
1983,79.32,-219.325230867,-3.76735783826e-18,-1.26797528029e-07,434.110362876,1.26603273069e-07,-214.717785708,-219.325230994,434.110363003,1.13751288021e-08,99.965371436
1984,79.36,-219.323818644,-3.74543654278e-18,-1.26407689128e-07,434.109411611,1.26205450355e-07,-214.717785708,-219.32381877,434.109411738,1.13411881745e-08,99.9652757441
1985,79.4,-219.322354564,-3.72397352528e-18,-1.26024327047e-07,434.108423666,1.25814169298e-07,-214.717785708,-219.32235469,434.108423792,1.13077052258e-08,99.9651799747
1986,79.44,-219.320838854,-3.70294171438e-18,-1.25647034389e-07,434.107399144,1.25429021629e-07,-214.717785708,-219.320838979,434.107399269,1.12746541641e-08,99.9650841284
1987,79.48,-219.319271744,-3.68231228437e-18,-1.25275378194e-07,434.106338149,1.25049573499e-07,-214.717785708,-219.319271869,434.106338274,1.12420079199e-08,99.9649882059
1988,79.52,-219.317653469,-3.66205506783e-18,-1.24908907239e-07,434.105240786,1.24675372784e-07,-214.717785708,-219.317653594,434.105240911,1.12097385885e-08,99.9648922077
1989,79.56,-219.315984266,-3.64213894452e-18,-1.2454715974e-07,434.104107159,1.24305956819e-07,-214.717785708,-219.31598439,434.104107283,1.11778178909e-08,99.9647961345
1990,79.6,-219.314264378,-3.62253233663e-18,-1.24189671271e-07,434.102937371,1.23940860328e-07,-214.717785708,-219.314264502,434.102937495,1.11462176416e-08,99.9646999868
1991,79.64,-219.31249405,-3.60320384564e-18,-1.23835982629e-07,434.101731526,1.23579623308e-07,-214.717785708,-219.312494174,434.10173165,1.11149102066e-08,99.9646037653
1992,79.68,-219.310673534,-3.58412292643e-18,-1.23485647398e-07,434.10048973,1.2322179862e-07,-214.717785708,-219.310673657,434.100489853,1.10838689382e-08,99.9645074707
1993,79.72,-219.308803082,-3.56526044582e-18,-1.2313823898e-07,434.099212085,1.22866959024e-07,-214.717785708,-219.308803205,434.099212208,1.10530685733e-08,99.9644111034
1994,79.76,-219.306882952,-3.54658905821e-18,-1.22793356886e-07,434.097898697,1.22514703496e-07,-214.717785708,-219.306883075,434.09789882,1.10224855829e-08,99.9643146642
1995,79.8,-219.304913407,-3.52808346126e-18,-1.22450632124e-07,434.09654967,1.22164662611e-07,-214.717785708,-219.30491353,434.096549793,1.09920984632e-08,99.9642181537
1996,79.84,-219.302894712,-3.50972064674e-18,-1.22109731536e-07,434.095165109,1.21816502898e-07,-214.717785708,-219.302894834,434.095165231,1.09618879606e-08,99.9641215726
1997,79.88,-219.300827136,-3.49148019521e-18,-1.21770360993e-07,434.093745119,1.21469930036e-07,-214.717785708,-219.300827257,434.093745241,1.09318372235e-08,99.9640249214
1998,79.92,-219.298710952,-3.47334455276e-18,-1.21432267378e-07,434.092289805,1.21124690843e-07,-214.717785708,-219.298711073,434.092289926,1.09019318818e-08,99.9639282008
1999,79.96,-219.296546437,-3.45529918174e-18,-1.21095239357e-07,434.090799272,1.20780574048e-07,-214.717785708,-219.296546558,434.090799393,1.08721600536e-08,99.9638314116
2000,80,-219.294333872,-3.437332536e-18,-1.20759106984e-07,434.089273626,1.20437409898e-07,-214.717785708,-219.294333993,434.089273746,1.0842512285e-08,99.9637345542
2001,80.04,-219.292073541,-3.41943591339e-18,-1.2042374023e-07,434.087712973,1.20095068677e-07,-214.717785708,-219.292073662,434.087713093,1.08129814269e-08,99.9636376294
2002,80.08,-219.289765733,-3.40160328886e-18,-1.20089046565e-07,434.086117419,1.19753458283e-07,-214.717785708,-219.289765854,434.086117538,1.07835624597e-08,99.9635406379
2003,80.12,-219.28741074,-3.38383118927e-18,-1.19754967739e-07,434.08448707,1.19412521001e-07,-214.717785708,-219.28741086,434.08448719,1.07542522738e-08,99.9634435803
2004,80.16,-219.285008856,-3.36611858226e-18,-1.19421475923e-07,434.082822035,1.1907222964e-07,-214.717785708,-219.285008976,434.082822154,1.07250494181e-08,99.9633464573
2005,80.2,-219.282560382,-3.34846670234e-18,-1.19088569396e-07,434.081122419,1.18732583204e-07,-214.717785708,-219.282560501,434.081122538,1.06959538287e-08,99.9632492695
2006,80.24,-219.280065619,-3.33087876931e-18,-1.18756267944e-07,434.079388331,1.18393602286e-07,-214.717785708,-219.280065738,434.079388449,1.06669665474e-08,99.9631520177
2007,80.28,-219.277524874,-3.31335963334e-18,-1.18424608158e-07,434.077619878,1.18055324344e-07,-214.717785708,-219.277524993,434.077619996,1.06380894425e-08,99.9630547025
2008,80.32,-219.274938458,-3.29591543226e-18,-1.18093638784e-07,434.075817171,1.17717799037e-07,-214.717785708,-219.274938576,434.075817288,1.06093249383e-08,99.9629573246
2009,80.36,-219.272306684,-3.27855332325e-18,-1.17763416273e-07,434.073980316,1.1738108376e-07,-214.717785708,-219.272306801,434.073980434,1.05806757638e-08,99.9628598846
2010,80.4,-219.269629868,-3.26128127848e-18,-1.17434000647e-07,434.072109426,1.17045239488e-07,-214.717785708,-219.269629985,434.072109543,1.05521447258e-08,99.9627623834
2011,80.44,-219.266908332,-3.24410787887e-18,-1.17105451768e-07,434.070204609,1.1671032704e-07,-214.717785708,-219.266908449,434.070204725,1.05237345121e-08,99.9626648215
2012,80.48,-219.264142399,-3.22704205295e-18,-1.16777826086e-07,434.068265976,1.16376403799e-07,-214.717785708,-219.264142516,434.068266092,1.04954475272e-08,99.9625671997
2013,80.52,-219.261332397,-3.21009277206e-18,-1.16451173903e-07,434.066293639,1.16043520959e-07,-214.717785708,-219.261332513,434.066293755,1.04672857625e-08,99.9624695187
2014,80.56,-219.258478656,-3.19326876805e-18,-1.16125537201e-07,434.064287711,1.15711721337e-07,-214.717785708,-219.258478772,434.064287826,1.04392507014e-08,99.9623717792
2015,80.6,-219.255581511,-3.17657833192e-18,-1.15800948047e-07,434.062248303,1.15381037755e-07,-214.717785708,-219.255581627,434.062248418,1.04113432585e-08,99.9622739819
2016,80.64,-219.2526413,-3.16002918955e-18,-1.15477427566e-07,434.06017553,1.15051492004e-07,-214.717785708,-219.252641416,434.060175645,1.03835637521e-08,99.9621761275
2017,80.68,-219.249658364,-3.14362839218e-18,-1.15154985487e-07,434.058069505,1.14723094375e-07,-214.717785708,-219.249658479,434.05806962,1.03559119092e-08,99.9620782167
2018,80.72,-219.246633046,-3.1273821627e-18,-1.1483362022e-07,434.055930344,1.14395843725e-07,-214.717785708,-219.246633161,434.055930459,1.03283868989e-08,99.9619802502
2019,80.76,-219.243565695,-3.11129570109e-18,-1.14513319465e-07,434.053758163,1.14069728074e-07,-214.717785708,-219.243565809,434.053758277,1.03009873944e-08,99.9618822288
2020,80.8,-219.24045666,-3.09537301626e-18,-1.14194061331e-07,434.051553078,1.1374472571e-07,-214.717785708,-219.240456775,434.051553192,1.02737116598e-08,99.9617841532
2021,80.84,-219.237306297,-3.07961685384e-18,-1.13875815932e-07,434.049315207,1.13420806784e-07,-214.717785708,-219.237306411,434.049315321,1.024655766e-08,99.9616860241
2022,80.88,-219.234114963,-3.06402872625e-18,-1.13558547445e-07,434.047044669,1.13097935364e-07,-214.717785708,-219.234115076,434.047044782,1.02195231921e-08,99.9615878423
2023,80.92,-219.230883016,-3.048608982e-18,-1.13242216562e-07,434.044741583,1.12776071891e-07,-214.717785708,-219.23088313,434.044741696,1.01926060355e-08,99.9614896084
2024,80.96,-219.227610823,-3.03335684456e-18,-1.12926783312e-07,434.042406069,1.12455176004e-07,-214.717785708,-219.227610936,434.042406182,1.01658041174e-08,99.9613913233
2025,81,-219.224298748,-3.01827041574e-18,-1.12612210175e-07,434.04003825,1.12135209656e-07,-214.717785708,-219.22429886,434.040038362,1.0139115692e-08,99.9612929876
2026,81.04,-219.220947161,-3.00334671256e-18,-1.12298465447e-07,434.037638246,1.11816140475e-07,-214.717785708,-219.220947273,434.037638358,1.01125395265e-08,99.9611946021
2027,81.08,-219.217556436,-2.98858181427e-18,-1.11985526742e-07,434.035206184,1.11497945286e-07,-214.717785708,-219.217556548,434.035206295,1.0086075092e-08,99.9610961675
2028,81.12,-219.214126948,-2.973971125e-18,-1.11673384556e-07,434.032742186,1.11180613675e-07,-214.717785708,-219.214127059,434.032742297,1.00597227514e-08,99.9609976846
2029,81.16,-219.210659075,-2.9595096737e-18,-1.11362045743e-07,434.030246379,1.10864151487e-07,-214.717785708,-219.210659186,434.03024649,1.00334839399e-08,99.9608991541
2030,81.2,-219.2071532,-2.94519235979e-18,-1.11051536789e-07,434.027718891,1.1054858411e-07,-214.717785708,-219.207153311,434.027719001,1.00073613286e-08,99.9608005768
2031,81.24,-219.203609706,-2.93101412551e-18,-1.10741906741e-07,434.025159849,1.10233959413e-07,-214.717785708,-219.203609817,434.025159959,9.98135896578e-09,99.9607019535
2032,81.28,-219.200028982,-2.91697012398e-18,-1.10433229654e-07,434.022569383,1.09920350202e-07,-214.717785708,-219.200029093,434.022569493,9.95548238651e-09,99.9606032847
2033,81.32,-219.196411418,-2.90305596441e-18,-1.10125606424e-07,434.019947625,1.09607856067e-07,-214.717785708,-219.196411528,434.019947734,9.92973868309e-09,99.9605045714
2034,81.36,-219.192757407,-2.88926803691e-18,-1.09819165876e-07,434.017294706,1.09296604488e-07,-214.717785708,-219.192757516,434.017294815,9.90413653055e-09,99.9604058143
2035,81.4,-219.189067344,-2.8756038242e-18,-1.09514064991e-07,434.01461076,1.08986751081e-07,-214.717785708,-219.189067453,434.014610869,9.87868616099e-09,99.9603070141
2036,81.44,-219.185341628,-2.86206209432e-18,-1.09210488181e-07,434.011895923,1.08678478893e-07,-214.717785708,-219.185341738,434.011896032,9.85339928262e-09,99.9602081716
2037,81.48,-219.181580662,-2.84864295308e-18,-1.08908645572e-07,434.009150332,1.08371996694e-07,-214.717785708,-219.181580771,434.00915044,9.82828894144e-09,99.9601092876
2038,81.52,-219.177784848,-2.83534783589e-18,-1.08608770278e-07,434.006374123,1.08067536264e-07,-214.717785708,-219.177784956,434.006374231,9.80336932532e-09,99.9600103627
2039,81.56,-219.173954593,-2.82217953426e-18,-1.08311114713e-07,434.003567438,1.07765348722e-07,-214.717785708,-219.173954701,434.003567545,9.77865551349e-09,99.9599113978
2040,81.6,-219.170090307,-2.8091422665e-18,-1.08015945981e-07,434.000730416,1.07465699936e-07,-214.717785708,-219.170090415,434.000730524,9.75416317622e-09,99.9598123937
2041,81.64,-219.166192402,-2.79624170335e-18,-1.07723540466e-07,433.997863202,1.07168865142e-07,-214.717785708,-219.16619251,433.997863309,9.72990823233e-09,99.959713351
2042,81.68,-219.162261293,-2.7834848504e-18,-1.07434177753e-07,433.994965939,1.0687512288e-07,-214.717785708,-219.1622614,433.994966046,9.70590647383e-09,99.9596142705
2043,81.72,-219.158297395,-2.77087978222e-18,-1.0714813407e-07,433.992038773,1.0658474845e-07,-214.717785708,-219.158297502,433.99203888,9.68217316902e-09,99.959515153
2044,81.76,-219.154301128,-2.75843532524e-18,-1.06865675455e-07,433.989081854,1.06298007093e-07,-214.717785708,-219.154301235,433.98908196,9.65872265704e-09,99.9594159993
2045,81.8,-219.150272916,-2.74616079345e-18,-1.06587050895e-07,433.986095329,1.06015147143e-07,-214.717785708,-219.150273022,433.986095435,9.63556794753e-09,99.9593168101
2046,81.84,-219.14621318,-2.73406578887e-18,-1.06312485633e-07,433.983079352,1.05736393356e-07,-214.717785708,-219.146213287,433.983079458,9.61272033937e-09,99.9592175862
2047,81.88,-219.142122349,-2.72215998294e-18,-1.0604217489e-07,433.980034074,1.05461940644e-07,-214.717785708,-219.142122455,433.98003418,9.59018907176e-09,99.9591183283
2048,81.92,-219.138000852,-2.71045279804e-18,-1.05776278191e-07,433.976959652,1.05191948418e-07,-214.717785708,-219.138000957,433.976959757,9.56798102005e-09,99.9590190372
2049,81.96,-219.133849118,-2.69895300529e-18,-1.05514914508e-07,433.973856242,1.04926535724e-07,-214.717785708,-219.133849224,433.973856347,9.54610044732e-09,99.9589197136
2050,82,-219.129667583,-2.68766834498e-18,-1.05258158393e-07,433.970724003,1.04665777373e-07,-214.717785708,-219.129667688,433.970724108,9.52454882044e-09,99.9588203584
2051,82.04,-219.125456682,-2.67660526451e-18,-1.05006037221e-07,433.967563097,1.04409701179e-07,-214.717785708,-219.125456787,433.967563201,9.50332469736e-09,99.9587209722
2052,82.08,-219.121216852,-2.66576876739e-18,-1.04758529623e-07,433.964373686,1.04158286397e-07,-214.717785708,-219.121216956,433.96437379,9.48242368922e-09,99.9586215558
2053,82.12,-219.116948534,-2.65516228291e-18,-1.04515565154e-07,433.961155936,1.03911463371e-07,-214.717785708,-219.116948638,433.96115604,9.46183849826e-09,99.9585221099
2054,82.16,-219.112652169,-2.64478748452e-18,-1.04277025182e-07,433.957910013,1.03669114416e-07,-214.717785708,-219.112652274,433.957910117,9.44155902996e-09,99.9584226354
2055,82.2,-219.108328203,-2.63464408499e-18,-1.04042744973e-07,433.954636088,1.03431075867e-07,-214.717785708,-219.108328307,433.954636191,9.42157257513e-09,99.958323133
2056,82.24,-219.103977081,-2.6247297083e-18,-1.0381251689e-07,433.951334331,1.03197141253e-07,-214.717785708,-219.103977185,433.951334434,9.40186405563e-09,99.9582236033
2057,82.28,-219.099599252,-2.6150399059e-18,-1.03586094603e-07,433.948004917,1.02967065478e-07,-214.717785708,-219.099599356,433.94800502,9.38241632553e-09,99.9581240472
2058,82.32,-219.095195166,-2.60556828158e-18,-1.03363198148e-07,433.94464802,1.02740569857e-07,-214.717785708,-219.095195269,433.944648123,9.36321051783e-09,99.9580244654
2059,82.36,-219.090765275,-2.5963066245e-18,-1.03143519694e-07,433.941263821,1.02517347855e-07,-214.717785708,-219.090765378,433.941263923,9.34422642649e-09,99.9579248586
2060,82.4,-219.086310033,-2.58724499081e-18,-1.02926729837e-07,433.937852498,1.02297071349e-07,-214.717785708,-219.086310135,433.9378526,9.32544291255e-09,99.9578252276
2061,82.44,-219.081829895,-2.57837177646e-18,-1.02712484272e-07,433.934414235,1.02079397257e-07,-214.717785708,-219.081829998,433.934414337,9.30683832363e-09,99.9577255731
2062,82.48,-219.07732532,-2.56967387731e-18,-1.02500430671e-07,433.930949217,1.01863974387e-07,-214.717785708,-219.077325423,433.930949319,9.28839091648e-09,99.9576258958
2063,82.52,-219.072796767,-2.5611369812e-18,-1.02290215612e-07,433.927457632,1.01650450339e-07,-214.717785708,-219.07279687,433.927457734,9.27007927284e-09,99.9575261965
2064,82.56,-219.068244697,-2.55274593355e-18,-1.020814914e-07,433.92393967,1.01438478313e-07,-214.717785708,-219.0682448,433.923939772,9.25188270032e-09,99.9574264759
2065,82.6,-219.063669573,-2.5444850707e-18,-1.01873922654e-07,433.920395524,1.01227723675e-07,-214.717785708,-219.063669675,433.920395625,9.23378161076e-09,99.9573267348
2066,82.64,-219.05907186,-2.53633847195e-18,-1.01667192548e-07,433.916825388,1.01017870181e-07,-214.717785708,-219.059071961,433.916825489,9.21575787005e-09,99.9572269737
2067,82.68,-219.054452022,-2.52829018111e-18,-1.01461008612e-07,433.91322946,1.00808625756e-07,-214.717785708,-219.054452124,433.913229561,9.19779511411e-09,99.9571271935
2068,82.72,-219.049810529,-2.52032448657e-18,-1.01255108013e-07,433.909607941,1.00599727765e-07,-214.717785708,-219.04981063,433.909608041,9.17987902708e-09,99.9570273949
2069,82.76,-219.045147849,-2.51242628792e-18,-1.01049262238e-07,433.905961032,1.00390947693e-07,-214.717785708,-219.04514795,433.905961133,9.16199757856e-09,99.9569275786
2070,82.8,-219.040464452,-2.50458148043e-18,-1.00843281111e-07,433.902288941,1.00182095177e-07,-214.717785708,-219.040464553,433.902289041,9.14414121731e-09,99.9568277452
2071,82.84,-219.035760811,-2.49677725717e-18,-1.00637016091e-07,433.898591875,9.9973021297e-08,-214.717785708,-219.035760912,433.898591975,9.12630301923e-09,99.9567278955
2072,82.88,-219.0310374,-2.48900229291e-18,-1.00430362793e-07,433.894870044,9.97636211146e-08,-214.717785708,-219.0310375,433.894870144,9.1084787879e-09,99.9566280302
2073,82.92,-219.026294693,-2.48124686619e-18,-1.00223262724e-07,433.891123663,9.95538353957e-08,-214.717785708,-219.026294793,433.891123762,9.09066710616e-09,99.9565281499
2074,82.96,-219.021533165,-2.4735030042e-18,-1.00015704154e-07,433.887352947,9.93436515034e-08,-214.717785708,-219.021533265,433.887353046,9.07286933736e-09,99.9564282554
2075,83,-219.016753296,-2.46576467223e-18,-9.98077221248e-08,433.883558116,9.91331034189e-08,-214.717785708,-219.016753396,433.883558215,9.0550895753e-09,99.9563283473
2076,83.04,-219.011955563,-2.45802794411e-18,-9.95993975362e-08,433.879739392,9.89222708523e-08,-214.717785708,-219.011955662,433.879739491,9.03733454208e-09,99.9562284264
2077,83.08,-219.007140445,-2.45029106906e-18,-9.93908552985e-08,433.875896999,9.87112774191e-08,-214.717785708,-219.007140545,433.875897098,9.01961343362e-09,99.9561284932
2078,83.12,-219.002308425,-2.4425544122e-18,-9.91822615584e-08,433.872031166,9.85002878804e-08,-214.717785708,-219.002308525,433.872031264,9.00193771337e-09,99.9560285485
2079,83.16,-218.997459985,-2.43482032687e-18,-9.89738200102e-08,433.868142122,9.82895044698e-08,-214.717785708,-218.997460083,433.86814222,8.98432085557e-09,99.9559285928
2080,83.2,-218.992595606,-2.42709303552e-18,-9.87657673283e-08,433.864230101,9.8079162348e-08,-214.717785708,-218.992595705,433.864230199,8.96677804051e-09,99.955828627
2081,83.24,-218.987715774,-2.41937853852e-18,-9.85583677722e-08,433.86029534,9.78695242368e-08,-214.717785708,-218.987715873,433.860295438,8.94932580586e-09,99.9557286516
2082,83.28,-218.982820974,-2.41168449904e-18,-9.83519070388e-08,433.856338079,9.76608743054e-08,-214.717785708,-218.982821073,433.856338176,8.93198165905e-09,99.9556286672
2083,83.32,-218.977911692,-2.40402003919e-18,-9.81466854736e-08,433.852358558,9.74535114105e-08,-214.717785708,-218.977911791,433.852358656,8.91476365784e-09,99.9555286746
2084,83.36,-218.972988415,-2.39639543946e-18,-9.79430107791e-08,433.848357025,9.7247741828e-08,-214.717785708,-218.972988513,433.848357122,8.89768996726e-09,99.9554286742
2085,83.4,-218.968051631,-2.38882179917e-18,-9.7741190384e-08,433.844333727,9.70438716466e-08,-214.717785708,-218.968051729,433.844333824,8.8807784029e-09,99.9553286669
2086,83.44,-218.963101829,-2.3813107259e-18,-9.75415236558e-08,433.840288916,9.68421990061e-08,-214.717785708,-218.963101927,433.840289013,8.86404597124e-09,99.9552286531
2087,83.48,-218.958139498,-2.37387406938e-18,-9.73442941508e-08,433.836222846,9.66430063794e-08,-214.717785708,-218.958139595,433.836222943,8.84750841931e-09,99.9551286335
2088,83.52,-218.953165128,-2.36652365761e-18,-9.71497621104e-08,433.832135776,9.64465530991e-08,-214.717785708,-218.953165225,433.832135873,8.83117980597e-09,99.9550286087
2089,83.56,-218.948179211,-2.35927098901e-18,-9.69581574205e-08,433.828027967,9.62530683406e-08,-214.717785708,-218.948179308,433.828028063,8.81507210757e-09,99.9549285793
2090,83.6,-218.943182237,-2.3521268855e-18,-9.67696732456e-08,433.823899681,9.60627447717e-08,-214.717785708,-218.943182334,433.823899777,8.79919487016e-09,99.954828546
2091,83.64,-218.9381747,-2.34510116264e-18,-9.65844605366e-08,433.819751187,9.58757330705e-08,-214.717785708,-218.938174796,433.819751283,8.78355491918e-09,99.9547285092
2092,83.68,-218.933157091,-2.33820237229e-18,-9.64026235823e-08,433.815582756,9.56921374867e-08,-214.717785708,-218.933157188,433.815582851,8.76815613639e-09,99.9546284695
2093,83.72,-218.928129905,-2.33143762242e-18,-9.62242167478e-08,433.811394659,9.55120125896e-08,-214.717785708,-218.928130001,433.811394755,8.75299931171e-09,99.9545284276
2094,83.76,-218.923093635,-2.32481243223e-18,-9.60492425069e-08,433.807187175,9.53353613028e-08,-214.717785708,-218.923093731,433.807187271,8.73808207572e-09,99.9544283841
2095,83.8,-218.918048774,-2.31833058488e-18,-9.58776508341e-08,433.802960584,9.51621342884e-08,-214.717785708,-218.91804887,433.802960679,8.72339891515e-09,99.9543283393
2096,83.84,-218.912995819,-2.31199398782e-18,-9.57093399744e-08,433.798715168,9.49922306993e-08,-214.717785708,-218.912995915,433.798715263,8.70894127132e-09,99.954228294
2097,83.88,-218.907935263,-2.30580258865e-18,-9.55441585624e-08,433.794451215,9.48255002745e-08,-214.717785708,-218.907935359,433.79445131,8.69469771809e-09,99.9541282487
2098,83.92,-218.902867603,-2.29975438272e-18,-9.53819090126e-08,433.790169014,9.46617467055e-08,-214.717785708,-218.902867698,433.790169108,8.68065421354e-09,99.9540282038
2099,83.96,-218.897793333,-2.29384549916e-18,-9.52223520633e-08,433.785868858,9.45007321547e-08,-214.717785708,-218.897793428,433.785868953,8.66679441717e-09,99.9539281599
2100,84,-218.892712949,-2.28807031633e-18,-9.50652123202e-08,433.781551044,9.43421827681e-08,-214.717785708,-218.892713044,433.781551139,8.65310006212e-09,99.9538281176
2101,84.04,-218.887626947,-2.28242157195e-18,-9.49101846113e-08,433.777215872,9.41857949918e-08,-214.717785708,-218.887627042,433.777215966,8.63955136996e-09,99.9537280774
2102,84.08,-218.882535824,-2.27689048033e-18,-9.47569409463e-08,433.772863645,9.40312424883e-08,-214.717785708,-218.882535919,433.772863739,8.62612749448e-09,99.9536280396
2103,84.12,-218.877440075,-2.27146689723e-18,-9.46051378597e-08,433.768494668,9.38781834366e-08,-214.717785708,-218.87744017,433.768494762,8.61280698038e-09,99.9535280049
2104,84.16,-218.872340197,-2.26613955409e-18,-9.4454423913e-08,433.764109253,9.37262679982e-08,-214.717785708,-218.872340292,433.764109347,8.59956822325e-09,99.9534279738
2105,84.2,-218.867236686,-2.26089633595e-18,-9.43044471411e-08,433.759707712,9.35751457306e-08,-214.717785708,-218.86723678,433.759707806,8.58638991776e-09,99.9533279467
2106,84.24,-218.862130038,-2.25572455258e-18,-9.41548622374e-08,433.755290362,9.34244727411e-08,-214.717785708,-218.862130133,433.755290455,8.57325148184e-09,99.953227924
2107,84.28,-218.85702075,-2.25061117405e-18,-9.40053372982e-08,433.750857521,9.32739183989e-08,-214.717785708,-218.857020844,433.750857615,8.56013344642e-09,99.9531279062
2108,84.32,-218.851909317,-2.24554304669e-18,-9.38555599718e-08,433.746409515,9.31231714539e-08,-214.717785708,-218.851909411,433.746409608,8.5470178018e-09,99.9530278939
2109,84.36,-218.846796236,-2.24050712642e-18,-9.37052428946e-08,433.741946669,9.29719454509e-08,-214.717785708,-218.846796329,433.741946762,8.53388829453e-09,99.9529278874
2110,84.4,-218.841682001,-2.23549074297e-18,-9.35541283264e-08,433.737469313,9.2819983352e-08,-214.717785708,-218.841682094,433.737469406,8.52073067057e-09,99.9528278871
2111,84.44,-218.836567109,-2.23048186702e-18,-9.34019919275e-08,433.73297778,9.26670613086e-08,-214.717785708,-218.836567202,433.732977873,8.50753286286e-09,99.9527278935
2112,84.48,-218.831452054,-2.22546933605e-18,-9.32486456517e-08,433.728472408,9.25129915539e-08,-214.717785708,-218.831452147,433.7284725,8.4942851229e-09,99.952627907
2113,84.52,-218.826337332,-2.22044301952e-18,-9.3093939762e-08,433.723953536,9.23576244171e-08,-214.717785708,-218.826337425,433.723953628,8.48098009794e-09,99.9525279281
2114,84.56,-218.821223436,-2.21539394417e-18,-9.29377639983e-08,433.719421507,9.22008494938e-08,-214.717785708,-218.821223529,433.719421599,8.46761285679e-09,99.952427957
2115,84.6,-218.816110862,-2.21031441545e-18,-9.27800479509e-08,433.714876669,9.20425960289e-08,-214.717785708,-218.816110955,433.714876761,8.45418086871e-09,99.9523279942
2116,84.64,-218.811000102,-2.20519814769e-18,-9.26207606996e-08,433.710319372,9.18828325721e-08,-214.717785708,-218.811000194,433.710319464,8.44068394034e-09,99.9522280401
2117,84.68,-218.805891649,-2.20004038081e-18,-9.24599097867e-08,433.705749969,9.17215659734e-08,-214.717785708,-218.805891741,433.705750061,8.4271241158e-09,99.952128095
2118,84.72,-218.800785996,-2.19483794884e-18,-9.2297539598e-08,433.701168817,9.15588397856e-08,-214.717785708,-218.800786089,433.701168908,8.41350554543e-09,99.9520281593
2119,84.76,-218.795683636,-2.18958928818e-18,-9.21337292288e-08,433.696576276,9.13947321499e-08,-214.717785708,-218.795683728,433.696576368,8.3998343281e-09,99.9519282333
2120,84.8,-218.790585059,-2.1842944053e-18,-9.19685899107e-08,433.691972711,9.12293532422e-08,-214.717785708,-218.790585151,433.691972802,8.38611833237e-09,99.9518283174
2121,84.84,-218.785490756,-2.1789548347e-18,-9.18022620699e-08,433.687358487,9.10628423521e-08,-214.717785708,-218.785490848,433.687358578,8.37236700054e-09,99.9517284119
2122,84.88,-218.780401217,-2.17357359877e-18,-9.16349120731e-08,433.682733975,9.08953646542e-08,-214.717785708,-218.780401308,433.682734066,8.35859113951e-09,99.9516285171
2123,84.92,-218.775316931,-2.16815515292e-18,-9.14667287145e-08,433.678099549,9.07271077188e-08,-214.717785708,-218.775317022,433.67809964,8.34480270144e-09,99.9515286334
2124,84.96,-218.770238386,-2.16270529014e-18,-9.12979194897e-08,433.673455586,9.05582778093e-08,-214.717785708,-218.770238478,433.673455676,8.33101455678e-09,99.9514287609
2125,85,-218.765166071,-2.15723099623e-18,-9.11287067066e-08,433.668802465,9.03890960095e-08,-214.717785708,-218.765166162,433.668802556,8.31724026224e-09,99.9513289001
2126,85.04,-218.760100472,-2.15174027214e-18,-9.09593234772e-08,433.664140571,9.02197942309e-08,-214.717785708,-218.760100563,433.664140661,8.30349382577e-09,99.9512290512
2127,85.08,-218.755042075,-2.14624194958e-18,-9.0790009637e-08,433.659470289,9.00506111453e-08,-214.717785708,-218.755042165,433.659470379,8.28978947073e-09,99.9511292144
2128,85.12,-218.749991364,-2.14074551247e-18,-9.06210076369e-08,433.65479201,8.98817880915e-08,-214.717785708,-218.749991454,433.6547921,8.27614140154e-09,99.95102939
2129,85.16,-218.744948823,-2.13526091566e-18,-9.04525584588e-08,433.650106128,8.97135650051e-08,-214.717785708,-218.744948914,433.650106217,8.26256357335e-09,99.9509295783
2130,85.2,-218.739914936,-2.12979838471e-18,-9.02848976145e-08,433.645413037,8.95461764275e-08,-214.717785708,-218.739915026,433.645413127,8.24906946881e-09,99.9508297795
2131,85.24,-218.734890183,-2.12436819308e-18,-9.01182512951e-08,433.640713139,8.93798476613e-08,-214.717785708,-218.734890273,433.640713228,8.23567188538e-09,99.9507299938
2132,85.28,-218.729875046,-2.11898043307e-18,-8.99528327441e-08,433.636006836,8.92147911468e-08,-214.717785708,-218.729875136,433.636006925,8.22238273709e-09,99.9506302214
2133,85.32,-218.724870004,-2.11364480411e-18,-8.9788838932e-08,433.631294533,8.90512031374e-08,-214.717785708,-218.724870094,433.631294622,8.20921287484e-09,99.9505304626
2134,85.36,-218.719875535,-2.10837043121e-18,-8.96264476107e-08,433.62657664,8.88892607574e-08,-214.717785708,-218.719875625,433.626576729,8.19617192987e-09,99.9504307175
2135,85.4,-218.714892116,-2.10316570742e-18,-8.94658148258e-08,433.621853569,8.8729119514e-08,-214.717785708,-218.714892206,433.621853658,8.18326818459e-09,99.9503309862
2136,85.44,-218.709920223,-2.09803814712e-18,-8.93070729567e-08,433.617125736,8.85709113349e-08,-214.717785708,-218.709920312,433.617125824,8.17050847486e-09,99.9502312691
2137,85.48,-218.70496033,-2.09299424784e-18,-8.91503293451e-08,433.612393558,8.84147431898e-08,-214.717785708,-218.704960419,433.612393646,8.15789812686e-09,99.9501315662
2138,85.52,-218.70001291,-2.0880393753e-18,-8.89956655594e-08,433.607657457,8.82606963455e-08,-214.717785708,-218.700012999,433.607657545,8.14544093123e-09,99.9500318777
2139,85.56,-218.695078435,-2.08317769233e-18,-8.8843137324e-08,433.602917858,8.8108826285e-08,-214.717785708,-218.695078523,433.602917946,8.13313915584e-09,99.9499322037
2140,85.6,-218.690157374,-2.07841213849e-18,-8.86927751183e-08,433.598175187,8.79591632971e-08,-214.717785708,-218.690157463,433.598175275,8.12099359736e-09,99.9498325443
2141,85.64,-218.685250197,-2.07374444716e-18,-8.8544585424e-08,433.593429875,8.78117137145e-08,-214.717785708,-218.685250286,433.593429963,8.10900367018e-09,99.9497328998
2142,85.68,-218.680357371,-2.06917517955e-18,-8.83985525731e-08,433.588682356,8.76664617487e-08,-214.717785708,-218.680357459,433.588682444,8.09716752942e-09,99.9496332701
2143,85.72,-218.675479361,-2.06470376837e-18,-8.82546411249e-08,433.583933065,8.7523371852e-08,-214.717785708,-218.675479449,433.583933153,8.08548222344e-09,99.9495336553
2144,85.76,-218.670616631,-2.0603285834e-18,-8.81127986828e-08,433.579182442,8.73823915174e-08,-214.717785708,-218.670616719,433.579182529,8.07394387021e-09,99.9494340557
2145,85.8,-218.665769643,-2.05604703691e-18,-8.79729590392e-08,433.574430928,8.72434544107e-08,-214.717785708,-218.665769731,433.574431015,8.06254785058e-09,99.9493344711
2146,85.84,-218.660938859,-2.05185572947e-18,-8.78350455215e-08,433.569678967,8.71064837059e-08,-214.717785708,-218.660938946,433.569679055,8.05128901077e-09,99.9492349017
2147,85.88,-218.656124736,-2.04775061342e-18,-8.76989743983e-08,433.564927008,8.69713954851e-08,-214.717785708,-218.656124824,433.564927095,8.04016186566e-09,99.9491353476
2148,85.92,-218.651327733,-2.04372714474e-18,-8.7564658206e-08,433.560175501,8.68381020563e-08,-214.717785708,-218.65132782,433.560175588,8.02916079436e-09,99.9490358087
2149,85.96,-218.646548304,-2.03978041269e-18,-8.7432008863e-08,433.555424898,8.67065150605e-08,-214.717785708,-218.646548391,433.555424984,8.01828022009e-09,99.9489362851
2150,86,-218.641786903,-2.03590526189e-18,-8.73009404545e-08,433.550675654,8.65765482492e-08,-214.717785708,-218.64178699,433.55067574,8.00751476731e-09,99.9488367768
2151,86.04,-218.637043982,-2.03209642832e-18,-8.71713715788e-08,433.545928227,8.64481198325e-08,-214.717785708,-218.637044069,433.545928314,7.99685939026e-09,99.9487372839
2152,86.08,-218.63231999,-2.02834869007e-18,-8.70432271705e-08,433.541183079,8.63211543082e-08,-214.717785708,-218.632320077,433.541183166,7.98630946786e-09,99.9486378063
2153,86.12,-218.627615375,-2.02465700738e-18,-8.69164397328e-08,433.536440673,8.61955837057e-08,-214.717785708,-218.627615462,433.536440759,7.97586086193e-09,99.9485383439
2154,86.16,-218.622930584,-2.02101662172e-18,-8.67909499506e-08,433.531701473,8.60713482112e-08,-214.717785708,-218.62293067,433.531701559,7.96550993735e-09,99.9484388969
2155,86.2,-218.618266059,-2.01742310732e-18,-8.6666706687e-08,433.526965948,8.59483961744e-08,-214.717785708,-218.618266145,433.526966034,7.95525354479e-09,99.948339465
2156,86.24,-218.613622242,-2.0138723981e-18,-8.65436663936e-08,433.522234568,8.58266835321e-08,-214.717785708,-218.613622328,433.522234654,7.94508896868e-09,99.9482400484
2157,86.28,-218.608999573,-2.01036081794e-18,-8.64217919909e-08,433.517507807,8.5706172706e-08,-214.717785708,-218.60899966,433.517507892,7.93501384434e-09,99.9481406468
2158,86.32,-218.60439849,-2.00688511834e-18,-8.63010512891e-08,433.512786138,8.55868310463e-08,-214.717785708,-218.604398576,433.512786224,7.92502604945e-09,99.9480412603
2159,86.36,-218.599819428,-2.00344249972e-18,-8.618141505e-08,433.508070041,8.54686289167e-08,-214.717785708,-218.599819514,433.508070126,7.91512357647e-09,99.9479418888
2160,86.4,-218.595262819,-2.00003059064e-18,-8.60628548024e-08,433.503359993,8.53515375289e-08,-214.717785708,-218.595262905,433.503360078,7.90530439344e-09,99.9478425321
2161,86.44,-218.590729096,-1.99664738657e-18,-8.59453405408e-08,433.498656477,8.52355266559e-08,-214.717785708,-218.590729181,433.498656562,7.89556630119e-09,99.9477431902
2162,86.48,-218.586218685,-1.99329117781e-18,-8.5828838432e-08,433.493959976,8.51205623506e-08,-214.717785708,-218.586218771,433.493960062,7.88590679464e-09,99.9476438629
2163,86.52,-218.581732014,-1.98996049618e-18,-8.57133086477e-08,433.489270977,8.50066047911e-08,-214.717785708,-218.5817321,433.489271062,7.87632293555e-09,99.9475445502
2164,86.56,-218.577269507,-1.98665408159e-18,-8.55987034305e-08,433.484589967,8.48936063592e-08,-214.717785708,-218.577269592,433.484590052,7.86681124326e-09,99.9474452518
2165,86.6,-218.572831584,-1.98337084383e-18,-8.54849654902e-08,433.479917436,8.47815100447e-08,-214.717785708,-218.572831669,433.479917521,7.85736760919e-09,99.9473459676
2166,86.64,-218.568418665,-1.98010979777e-18,-8.53720268119e-08,433.475253876,8.46702482541e-08,-214.717785708,-218.568418751,433.475253961,7.84798723956e-09,99.9472466975
2167,86.68,-218.564031168,-1.9768699794e-18,-8.52598079359e-08,433.47059978,8.45597420831e-08,-214.717785708,-218.564031253,433.470599864,7.8386646294e-09,99.9471474413
2168,86.72,-218.559669505,-1.9736503724e-18,-8.51482177413e-08,433.465955643,8.44499010884e-08,-214.717785708,-218.55966959,433.465955728,7.82939356897e-09,99.9470481988
2169,86.76,-218.555334088,-1.97044986799e-18,-8.50371537368e-08,433.461321963,8.43406235679e-08,-214.717785708,-218.555334173,433.461322047,7.8201671824e-09,99.9469489698
2170,86.8,-218.551025328,-1.96726725085e-18,-8.49265028454e-08,433.456699238,8.42317973312e-08,-214.717785708,-218.551025412,433.456699322,7.8109779967e-09,99.9468497541
2171,86.84,-218.546743629,-1.96410118452e-18,-8.4816142645e-08,433.452087968,8.41233009231e-08,-214.717785708,-218.546743714,433.452088052,7.80181803849e-09,99.9467505515
2172,86.88,-218.542489396,-1.96095018037e-18,-8.47059430165e-08,433.447488656,8.40150052475e-08,-214.717785708,-218.542489481,433.44748874,7.79267895429e-09,99.9466513617
2173,86.92,-218.53826303,-1.95781256275e-18,-8.45957681307e-08,433.442901804,8.39067755267e-08,-214.717785708,-218.538263115,433.442901888,7.7835521495e-09,99.9465521846
2174,86.96,-218.53406493,-1.9546864572e-18,-8.44854786958e-08,433.438327918,8.37984735216e-08,-214.717785708,-218.534065015,433.438328002,7.77442894076e-09,99.9464530199
2175,87,-218.529895492,-1.95156981269e-18,-8.43749343823e-08,433.433767503,8.36899599326e-08,-214.717785708,-218.529895576,433.433767587,7.76530071586e-09,99.9463538673
2176,87.04,-218.525755108,-1.94846044133e-18,-8.42639963433e-08,433.429221067,8.35810968972e-08,-214.717785708,-218.525755192,433.429221151,7.75615909604e-09,99.9462547265
2177,87.08,-218.521644169,-1.9453560493e-18,-8.41525297551e-08,433.424689119,8.34717505067e-08,-214.717785708,-218.521644253,433.424689202,7.74699609575e-09,99.9461555973
2178,87.12,-218.517563062,-1.94225425181e-18,-8.40404063091e-08,433.420172168,8.33617932727e-08,-214.717785708,-218.517563146,433.420172251,7.73780427541e-09,99.9460564794
2179,87.16,-218.513512172,-1.93915259106e-18,-8.3927506597e-08,433.415670725,8.32511064886e-08,-214.717785708,-218.513512256,433.415670809,7.72857688347e-09,99.9459573725
2180,87.2,-218.509491881,-1.93604857976e-18,-8.38137223395e-08,433.411185303,8.31395824398e-08,-214.717785708,-218.509491965,433.411185386,7.7193079851e-09,99.9458582762
2181,87.24,-218.505502567,-1.93293977017e-18,-8.36989584235e-08,433.406716414,8.3027126428e-08,-214.717785708,-218.505502651,433.406716497,7.70999257554e-09,99.9457591903
2182,87.28,-218.501544607,-1.92982382389e-18,-8.35831347237e-08,433.402264572,8.29136585827e-08,-214.717785708,-218.50154469,433.402264655,7.70062667701e-09,99.9456601145
2183,87.32,-218.497618373,-1.92669855961e-18,-8.34661876966e-08,433.397830292,8.27991154443e-08,-214.717785708,-218.497618456,433.397830375,7.69120741902e-09,99.9455610483
2184,87.36,-218.493724235,-1.92356198184e-18,-8.33480717418e-08,433.393414089,8.26834513159e-08,-214.717785708,-218.493724318,433.393414172,7.68173310197e-09,99.9454619914
2185,87.4,-218.48986256,-1.92041231658e-18,-8.32287603328e-08,433.38901648,8.25666393865e-08,-214.717785708,-218.489862643,433.389016562,7.67220324473e-09,99.9453629435
2186,87.44,-218.486033712,-1.91724807361e-18,-8.31082469167e-08,433.38463798,8.24486726315e-08,-214.717785708,-218.486033795,433.384638063,7.66261861689e-09,99.9452639041
2187,87.48,-218.482238052,-1.91406812695e-18,-8.29865455865e-08,433.380279109,8.23295644892e-08,-214.717785708,-218.482238135,433.380279191,7.65298125644e-09,99.945164873
2188,87.52,-218.478475937,-1.91087178405e-18,-8.28636915259e-08,433.375940382,8.22093493129e-08,-214.717785708,-218.47847602,433.375940464,7.64329447358e-09,99.9450658497
2189,87.56,-218.474747722,-1.90765882357e-18,-8.27397412253e-08,433.371622319,8.20880825914e-08,-214.717785708,-218.474747805,433.371622401,7.63356284078e-09,99.9449668338
2190,87.6,-218.471053759,-1.90442951178e-18,-8.26147724651e-08,433.367325438,8.19658409377e-08,-214.717785708,-218.471053841,433.36732552,7.62379216938e-09,99.944867825
2191,87.64,-218.467394394,-1.90118462532e-18,-8.24888840528e-08,433.363050258,8.18427218351e-08,-214.717785708,-218.467394477,433.36305034,7.6139894722e-09,99.9447688227
2192,87.68,-218.463769974,-1.89792549624e-18,-8.23621952987e-08,433.358797298,8.17188431279e-08,-214.717785708,-218.463770056,433.35879738,7.60416291172e-09,99.9446698266
2193,87.72,-218.46018084,-1.89465406453e-18,-8.22348452068e-08,433.354567077,8.15943422324e-08,-214.717785708,-218.460180922,433.354567159,7.59432173274e-09,99.9445708362
2194,87.76,-218.45662733,-1.89137290681e-18,-8.21069913626e-08,433.350360114,8.14693750435e-08,-214.717785708,-218.456627412,433.350360196,7.58447617877e-09,99.9444718511
2195,87.8,-218.453109779,-1.88808522496e-18,-8.19788084976e-08,433.346176929,8.13441145181e-08,-214.717785708,-218.453109861,433.34617701,7.5746373909e-09,99.9443728708
2196,87.84,-218.44962852,-1.88479480799e-18,-8.18504867196e-08,433.34201804,8.12187489224e-08,-214.717785708,-218.449628601,433.342018121,7.56481728862e-09,99.9442738948
2197,87.88,-218.44618388,-1.88150599525e-18,-8.17222293978e-08,433.337883966,8.10934797387e-08,-214.717785708,-218.446183961,433.337884047,7.5550284319e-09,99.9441749228
2198,87.92,-218.442776184,-1.87822365328e-18,-8.15942507004e-08,433.333775226,8.09685192295e-08,-214.717785708,-218.442776266,433.333775307,7.54528386474e-09,99.9440759541
2199,87.96,-218.439405755,-1.87495315026e-18,-8.14667727931e-08,433.329692337,8.08440876652e-08,-214.717785708,-218.439405836,433.329692418,7.5355969408e-09,99.9439769883
2200,88,-218.436072909,-1.87170030078e-18,-8.13400227223e-08,433.325635818,8.07204102342e-08,-214.717785708,-218.436072991,433.325635899,7.52598113252e-09,99.9438780249
2201,88.04,-218.432777963,-1.86847127116e-18,-8.1214229019e-08,433.321606186,8.0597713672e-08,-214.717785708,-218.432778045,433.321606267,7.51644982602e-09,99.9437790634
2202,88.08,-218.429521227,-1.86527246269e-18,-8.10896180783e-08,433.317603958,8.04762226624e-08,-214.717785708,-218.429521309,433.317604038,7.50701610492e-09,99.9436801033
2203,88.12,-218.42630301,-1.86211039959e-18,-8.0966410377e-08,433.313629649,8.03561560795e-08,-214.717785708,-218.426303091,433.313629729,7.49769252685e-09,99.943581144
2204,88.16,-218.423123614,-1.8589916312e-18,-8.0844816606e-08,433.309683774,8.02377231452e-08,-214.717785708,-218.423123695,433.309683854,7.48849089752e-09,99.9434821851
2205,88.2,-218.419983341,-1.85592263398e-18,-8.07250338055e-08,433.305766849,8.0121119588e-08,-214.717785708,-218.419983422,433.305766929,7.47942204753e-09,99.9433832259
2206,88.24,-218.416882488,-1.85290969308e-18,-8.06072415972e-08,433.301879386,8.00065238952e-08,-214.717785708,-218.416882569,433.301879466,7.47049561771e-09,99.9432842659
2207,88.28,-218.413821349,-1.84995876166e-18,-8.04915986182e-08,433.298021898,7.98940937587e-08,-214.717785708,-218.413821429,433.298021978,7.46171985911e-09,99.9431853045
2208,88.32,-218.410800213,-1.84707531792e-18,-8.0378239258e-08,433.294194897,7.97839628219e-08,-214.717785708,-218.410800293,433.294194977,7.45310145345e-09,99.9430863412
2209,88.36,-218.407819367,-1.84426424306e-18,-8.02672707987e-08,433.290398892,7.96762378259e-08,-214.717785708,-218.407819447,433.290398972,7.4446453601e-09,99.9429873755
2210,88.4,-218.404879092,-1.84152972505e-18,-8.01587710485e-08,433.286634393,7.95709962478e-08,-214.717785708,-218.404879173,433.286634473,7.43635469464e-09,99.9428884067
2211,88.44,-218.401979669,-1.83887517518e-18,-8.0052786546e-08,433.282901907,7.94682845054e-08,-214.717785708,-218.401979749,433.282901987,7.42823064366e-09,99.9427894342
2212,88.48,-218.399121373,-1.83630314366e-18,-7.99493313996e-08,433.279201941,7.93681167901e-08,-214.717785708,-218.399121453,433.279202021,7.42027241907e-09,99.9426904575
2213,88.52,-218.396304474,-1.83381523835e-18,-7.98483868067e-08,433.275534999,7.92704745735e-08,-214.717785708,-218.396304554,433.275535079,7.4124772543e-09,99.9425914759
2214,88.56,-218.39352924,-1.83141206496e-18,-7.97499012753e-08,433.271901585,7.91753068128e-08,-214.717785708,-218.39352932,433.271901664,7.40484044308e-09,99.9424924888
2215,88.6,-218.390795936,-1.82909320285e-18,-7.96537915488e-08,433.268302199,7.90825308578e-08,-214.717785708,-218.390796016,433.268302278,7.39735542058e-09,99.9423934956
2216,88.64,-218.388104822,-1.82685721271e-18,-7.95599442094e-08,433.264737343,7.89920340336e-08,-214.717785708,-218.388104902,433.264737422,7.39001388461e-09,99.9422944957
2217,88.68,-218.385456155,-1.8247016601e-18,-7.94682179104e-08,433.261207512,7.89036758515e-08,-214.717785708,-218.385456234,433.261207591,7.38280595363e-09,99.9421954885
2218,88.72,-218.382850186,-1.82262314533e-18,-7.93784461734e-08,433.257713205,7.88172907774e-08,-214.717785708,-218.382850265,433.257713284,7.37572035678e-09,99.9420964733
2219,88.76,-218.380287164,-1.82061734616e-18,-7.92904406623e-08,433.254254914,7.87326914788e-08,-214.717785708,-218.380287243,433.254254993,7.36874465042e-09,99.9419974494
2220,88.8,-218.377767335,-1.81867908716e-18,-7.92039948392e-08,433.250833132,7.86496724523e-08,-214.717785708,-218.377767414,433.25083321,7.3618654546e-09,99.9418984162
2221,88.84,-218.37529094,-1.81680243944e-18,-7.91188878906e-08,433.247448347,7.85680139241e-08,-214.717785708,-218.375291019,433.247448426,7.35506870252e-09,99.9417993731
2222,88.88,-218.372858215,-1.81498083745e-18,-7.90348888096e-08,433.244101049,7.8487485909e-08,-214.717785708,-218.372858294,433.244101127,7.34833989588e-09,99.9417003194
2223,88.92,-218.370469394,-1.81320719463e-18,-7.89517605204e-08,433.240791721,7.84078523108e-08,-214.717785708,-218.370469473,433.240791799,7.3416643588e-09,99.9416012544
2224,88.96,-218.368124707,-1.81147401156e-18,-7.88692639362e-08,433.237520846,7.83288749584e-08,-214.717785708,-218.368124786,433.237520925,7.3350274838e-09,99.9415021775
2225,89,-218.365824378,-1.80977348589e-18,-7.87871618562e-08,433.234288906,7.82503174816e-08,-214.717785708,-218.365824457,433.234288984,7.32841496396e-09,99.9414030879
2226,89.04,-218.363568629,-1.80809763559e-18,-7.87052226111e-08,433.231096376,7.81719489418e-08,-214.717785708,-218.363568708,433.231096454,7.32181300614e-09,99.941303985
2227,89.08,-218.361357678,-1.80643843348e-18,-7.86232233885e-08,433.227943732,7.80935471464e-08,-214.717785708,-218.361357757,433.22794381,7.3152085212e-09,99.9412048681
2228,89.12,-218.359191739,-1.80478793655e-18,-7.85409531801e-08,433.224831447,7.80149015885e-08,-214.717785708,-218.359191817,433.224831525,7.30858928831e-09,99.9411057365
2229,89.16,-218.35707102,-1.80313839457e-18,-7.84582153146e-08,433.221759988,7.79358159741e-08,-214.717785708,-218.357071098,433.221760066,7.30194409155e-09,99.9410065894
2230,89.2,-218.354995727,-1.80148233732e-18,-7.83748295613e-08,433.218729823,7.78561103206e-08,-214.717785708,-218.354995805,433.218729901,7.29526282827e-09,99.9409074262
2231,89.24,-218.352966062,-1.79981265454e-18,-7.82906338013e-08,433.215741415,7.77756226266e-08,-214.717785708,-218.35296614,433.215741493,7.28853658964e-09,99.9408082462
2232,89.28,-218.350982222,-1.79812268081e-18,-7.82054852774e-08,433.212795224,7.76942101247e-08,-214.717785708,-218.3509823,433.212795301,7.28175771475e-09,99.9407090487
2233,89.32,-218.3490444,-1.7964062826e-18,-7.81192614446e-08,433.209891706,7.76117501378e-08,-214.717785708,-218.349044479,433.209891784,7.27491982006e-09,99.9406098328
2234,89.36,-218.347152787,-1.79465793276e-18,-7.80318604516e-08,433.207031316,7.75281405684e-08,-214.717785708,-218.347152865,433.207031394,7.26801780681e-09,99.940510598
2235,89.4,-218.345307567,-1.79287276059e-18,-7.79432012939e-08,433.204214504,7.74433000593e-08,-214.717785708,-218.345307645,433.204214581,7.26104784936e-09,99.9404113434
2236,89.44,-218.343508921,-1.79104658097e-18,-7.78532236824e-08,433.201441715,7.73571678686e-08,-214.717785708,-218.343508999,433.201441793,7.25400736744e-09,99.9403120683
2237,89.48,-218.341757026,-1.78917591734e-18,-7.77618876695e-08,433.198713395,7.7269703505e-08,-214.717785708,-218.341757104,433.198713472,7.24689498532e-09,99.9402127721
2238,89.52,-218.340052056,-1.78725802894e-18,-7.76691730735e-08,433.196029982,7.71808861611e-08,-214.717785708,-218.340052134,433.196030059,7.23971048062e-09,99.9401134538
2239,89.56,-218.338394179,-1.78529093879e-18,-7.75750787346e-08,433.193391911,7.7090713982e-08,-214.717785708,-218.338394257,433.193391988,7.23245472515e-09,99.9400141129
2240,89.6,-218.33678356,-1.78327344844e-18,-7.74796216369e-08,433.190799616,7.69992031978e-08,-214.717785708,-218.336783637,433.190799693,7.22512962007e-09,99.9399147486
2241,89.64,-218.33522036,-1.78120513055e-18,-7.73828359234e-08,433.188253524,7.69063871478e-08,-214.717785708,-218.335220437,433.188253601,7.21773802696e-09,99.93981536
2242,89.68,-218.333704734,-1.77908630361e-18,-7.72847718243e-08,433.18575406,7.68123152167e-08,-214.717785708,-218.333704811,433.185754137,7.21028369601e-09,99.9397159464
2243,89.72,-218.332236836,-1.77691800145e-18,-7.71854945132e-08,433.183301644,7.67170516982e-08,-214.717785708,-218.332236913,433.183301721,7.20277119205e-09,99.9396165072
2244,89.76,-218.330816813,-1.77470194598e-18,-7.70850828959e-08,433.180896692,7.66206745935e-08,-214.717785708,-218.33081689,433.180896768,7.19520581863e-09,99.9395170415
2245,89.8,-218.329444809,-1.77244051881e-18,-7.69836283386e-08,433.178539615,7.65232743474e-08,-214.717785708,-218.329444886,433.178539692,7.18759354024e-09,99.9394175485
2246,89.84,-218.328120965,-1.77013672086e-18,-7.68812333324e-08,433.176230822,7.64249525217e-08,-214.717785708,-218.328121042,433.176230898,7.17994090249e-09,99.9393180275
2247,89.88,-218.326845415,-1.76779411387e-18,-7.67780100953e-08,433.173970715,7.63258204032e-08,-214.717785708,-218.326845491,433.173970791,7.17225494993e-09,99.9392184777
2248,89.92,-218.32561829,-1.76541674877e-18,-7.66740791079e-08,433.171759693,7.62259975454e-08,-214.717785708,-218.325618367,433.171759769,7.16454314092e-09,99.9391188983
2249,89.96,-218.324439719,-1.76300909168e-18,-7.65695675825e-08,433.16959815,7.61256102425e-08,-214.717785708,-218.324439796,433.169598226,7.1568132593e-09,99.9390192886
2250,90,-218.323309824,-1.76057595321e-18,-7.6464607869e-08,433.167486477,7.60247899419e-08,-214.717785708,-218.3233099,433.167486553,7.14907332284e-09,99.9389196478
2251,90.04,-218.322228723,-1.75812241744e-18,-7.63593358024e-08,433.165425057,7.5923671598e-08,-214.717785708,-218.322228799,433.165425133,7.14133148854e-09,99.938819975
2252,90.08,-218.321196531,-1.7556537628e-18,-7.62538890056e-08,433.16341427,7.58223919805e-08,-214.717785708,-218.321196607,433.163414346,7.13359595543e-09,99.9387202696
2253,90.12,-218.320213358,-1.75317537322e-18,-7.61484051625e-08,433.161454493,7.57210879514e-08,-214.717785708,-218.320213434,433.161454569,7.12587486576e-09,99.9386205307
2254,90.16,-218.319279311,-1.75069264621e-18,-7.60430202872e-08,433.159546095,7.56198947382e-08,-214.717785708,-218.319279387,433.159546171,7.11817620581e-09,99.9385207576
2255,90.2,-218.31839449,-1.74821090727e-18,-7.5937867018e-08,433.157689442,7.55189442308e-08,-214.717785708,-218.318394566,433.157689518,7.11050770811e-09,99.9384209494
2256,90.24,-218.317558994,-1.74573533425e-18,-7.5833072972e-08,433.155884893,7.54183633408e-08,-214.717785708,-218.31755907,433.155884969,7.1028767572e-09,99.9383211054
2257,90.28,-218.316772916,-1.74327088726e-18,-7.57287591962e-08,433.154132805,7.53182724545e-08,-214.717785708,-218.316772991,433.15413288,7.09529030112e-09,99.9382212248
2258,90.32,-218.316036344,-1.74082223955e-18,-7.56250387526e-08,433.152433525,7.52187840208e-08,-214.717785708,-218.316036419,433.1524336,7.08775477094e-09,99.9381213068
2259,90.36,-218.315349363,-1.73839371064e-18,-7.55220154758e-08,433.1507874,7.51200013086e-08,-214.717785708,-218.315349438,433.150787475,7.08027601068e-09,99.9380213506
2260,90.4,-218.314712054,-1.73598920999e-18,-7.54197829387e-08,433.149194767,7.50220173724e-08,-214.717785708,-218.314712129,433.149194842,7.07285921977e-09,99.9379213553
2261,90.44,-218.314124492,-1.73361219828e-18,-7.53184236584e-08,433.147655961,7.49249142573e-08,-214.717785708,-218.314124568,433.147656036,7.06550890999e-09,99.9378213203
2262,90.48,-218.313586751,-1.73126566533e-18,-7.52180085617e-08,433.14617131,7.48287624641e-08,-214.717785708,-218.313586826,433.146171385,7.05822887818e-09,99.9377212448
2263,90.52,-218.313098896,-1.72895211755e-18,-7.51185967226e-08,433.144741136,7.47336206846e-08,-214.717785708,-218.313098971,433.14474121,7.05102219541e-09,99.9376211278
2264,90.56,-218.312660992,-1.72667356933e-18,-7.50202353723e-08,433.143365755,7.46395358081e-08,-214.717785708,-218.312661067,433.14336583,7.04389121256e-09,99.9375209687
2265,90.6,-218.312273098,-1.72443154103e-18,-7.49229601752e-08,433.142045479,7.45465431931e-08,-214.717785708,-218.312273173,433.142045554,7.03683758198e-09,99.9374207666
2266,90.64,-218.311935267,-1.72222707114e-18,-7.4826795753e-08,433.140780613,7.44546671865e-08,-214.717785708,-218.311935342,433.140780687,7.02986229377e-09,99.9373205208
2267,90.68,-218.311647552,-1.72006074637e-18,-7.47317564251e-08,433.139571456,7.43639218601e-08,-214.717785708,-218.311647627,433.13957153,7.02296572494e-09,99.9372202304
2268,90.72,-218.311409997,-1.71793274411e-18,-7.4637847124e-08,433.138418302,7.42743119222e-08,-214.717785708,-218.311410072,433.138418376,7.01614769862e-09,99.9371198947
2269,90.76,-218.311222645,-1.71584287618e-18,-7.45450644371e-08,433.137321437,7.4185833755e-08,-214.717785708,-218.31122272,433.137321511,7.00940755052e-09,99.9370195128
2270,90.8,-218.311085534,-1.7137906277e-18,-7.4453397725e-08,433.136281143,7.40984765279e-08,-214.717785708,-218.311085608,433.136281217,7.00274419931e-09,99.936919084
2271,90.84,-218.310998696,-1.71177519443e-18,-7.43628302653e-08,433.135297694,7.40122233368e-08,-214.717785708,-218.31099877,433.135297768,6.99615621776e-09,99.9368186075
2272,90.88,-218.310962161,-1.70979552649e-18,-7.42733403732e-08,433.134371361,7.3927052321e-08,-214.717785708,-218.310962235,433.134371434,6.98964190169e-09,99.9367180825
2273,90.92,-218.310975953,-1.70785038091e-18,-7.41849024459e-08,433.133502404,7.38429377048e-08,-214.717785708,-218.310976027,433.133502478,6.98319933325e-09,99.9366175082
2274,90.96,-218.311040093,-1.70593837513e-18,-7.40974878871e-08,433.13269108,7.37598507217e-08,-214.717785708,-218.311040167,433.132691154,6.97682643633e-09,99.9365168838
2275,91,-218.311154596,-1.70405802998e-18,-7.40110658759e-08,433.131937639,7.36777603819e-08,-214.717785708,-218.31115467,433.131937713,6.97052102169e-09,99.9364162086
2276,91.04,-218.311319476,-1.7022077976e-18,-7.39256039585e-08,433.131242324,7.3596634063e-08,-214.717785708,-218.31131955,433.131242397,6.96428082081e-09,99.9363154817
2277,91.08,-218.311534739,-1.70038608023e-18,-7.38410684507e-08,433.130605371,7.35164379114e-08,-214.717785708,-218.311534813,433.130605444,6.95810350756e-09,99.9362147023
2278,91.12,-218.311800389,-1.69859125007e-18,-7.37574246456e-08,433.130027011,7.34371370512e-08,-214.717785708,-218.311800463,433.130027084,6.95198670777e-09,99.9361138698
2279,91.16,-218.312116424,-1.69682167296e-18,-7.36746368324e-08,433.129507466,7.33586956045e-08,-214.717785708,-218.312116498,433.12950754,6.94592799698e-09,99.9360129832
2280,91.2,-218.31248284,-1.69507572903e-18,-7.35926681418e-08,433.129046954,7.3281076539e-08,-214.717785708,-218.312482914,433.129047028,6.93992488776e-09,99.9359120418
2281,91.24,-218.312899627,-1.69335182044e-18,-7.35114802426e-08,433.128645685,7.32042413665e-08,-214.717785708,-218.3128997,433.128645758,6.93397480831e-09,99.9358110449
2282,91.28,-218.313366771,-1.69164836447e-18,-7.34310329252e-08,433.12830386,7.31281497277e-08,-214.717785708,-218.313366844,433.128303933,6.92807507462e-09,99.9357099917
2283,91.32,-218.313884254,-1.68996377979e-18,-7.33512836098e-08,433.128021677,7.30527589012e-08,-214.717785708,-218.313884327,433.12802175,6.92222285865e-09,99.9356088813
2284,91.36,-218.314452054,-1.68829647643e-18,-7.32721868178e-08,433.127799324,7.29780232752e-08,-214.717785708,-218.314452127,433.127799397,6.91641515494e-09,99.9355077131
2285,91.4,-218.315070144,-1.68664485193e-18,-7.31936936472e-08,433.127636984,7.29038938246e-08,-214.717785708,-218.315070217,433.127637057,6.91064874825e-09,99.9354064862
2286,91.44,-218.315738493,-1.68500728749e-18,-7.31157512922e-08,433.127534832,7.28303176313e-08,-214.717785708,-218.315738566,433.127534905,6.90492018497e-09,99.9353052
2287,91.48,-218.316457067,-1.68338213661e-18,-7.30383026491e-08,433.127493036,7.2757237489e-08,-214.717785708,-218.31645714,433.127493108,6.89922575076e-09,99.9352038535
2288,91.52,-218.317225826,-1.68176770642e-18,-7.29612860392e-08,433.127511755,7.2684591625e-08,-214.717785708,-218.317225899,433.127511828,6.89356145646e-09,99.9351024462
2289,91.56,-218.318044726,-1.6801622399e-18,-7.28846350803e-08,433.127591146,7.26123135684e-08,-214.717785708,-218.318044799,433.127591218,6.88792303374e-09,99.9350009772
2290,91.6,-218.31891372,-1.67856390701e-18,-7.28082787249e-08,433.127731352,7.25403321863e-08,-214.717785708,-218.318913793,433.127731425,6.88230594191e-09,99.9348994457
2291,91.64,-218.319832755,-1.67697080508e-18,-7.27321414818e-08,433.127932515,7.2468571902e-08,-214.717785708,-218.319832828,433.127932587,6.87670538635e-09,99.934797851
2292,91.68,-218.320801776,-1.67538096218e-18,-7.26561438268e-08,433.128194764,7.23969531026e-08,-214.717785708,-218.320801849,433.128194837,6.87111634918e-09,99.9346961924
2293,91.72,-218.321820723,-1.67379233806e-18,-7.25802028003e-08,433.128518225,7.23253927323e-08,-214.717785708,-218.321820795,433.128518298,6.86553363163e-09,99.9345944692
2294,91.76,-218.322889529,-1.67220282449e-18,-7.25042327813e-08,433.128903015,7.22538050619e-08,-214.717785708,-218.322889602,433.128903088,6.85995190726e-09,99.9344926805
2295,91.8,-218.324008127,-1.6706102517e-18,-7.24281464176e-08,433.129349243,7.21821026142e-08,-214.717785708,-218.3240082,433.129349315,6.85436578456e-09,99.9343908257
2296,91.84,-218.325176444,-1.66901240463e-18,-7.23518556897e-08,433.129857011,7.2110197224e-08,-214.717785708,-218.325176516,433.129857083,6.84876987718e-09,99.934288904
2297,91.88,-218.326394402,-1.6674070459e-18,-7.22752730759e-08,433.130426413,7.20380011995e-08,-214.717785708,-218.326394474,433.130426486,6.84315887978e-09,99.9341869147
2298,91.92,-218.32766192,-1.66579193851e-18,-7.21983127853e-08,433.131057537,7.19654285528e-08,-214.717785708,-218.327661992,433.131057609,6.83752764723e-09,99.934084857
2299,91.96,-218.328978912,-1.66416486508e-18,-7.21208920197e-08,433.131750461,7.18923962577e-08,-214.717785708,-218.328978984,433.131750533,6.83187127442e-09,99.9339827303
2300,92,-218.330345289,-1.66252364728e-18,-7.20429322236e-08,433.132505256,7.1818825498e-08,-214.717785708,-218.330345361,433.132505328,6.82618517429e-09,99.9338805338
2301,92.04,-218.331760957,-1.66086617033e-18,-7.19643602856e-08,433.133321988,7.17446428677e-08,-214.717785708,-218.331761029,433.133322059,6.82046515143e-09,99.9337782669
2302,92.08,-218.333225818,-1.65919041294e-18,-7.18851096576e-08,433.134200711,7.16697814898e-08,-214.717785708,-218.33322589,433.134200782,6.81470746921e-09,99.9336759287
2303,92.12,-218.33473977,-1.65749447621e-18,-7.18051213596e-08,433.135141474,7.15941820219e-08,-214.717785708,-218.334739842,433.135141545,6.80890890861e-09,99.9335735187
2304,92.16,-218.336302706,-1.65577660567e-18,-7.17243448452e-08,433.136144317,7.15177935226e-08,-214.717785708,-218.336302778,433.136144389,6.80306681708e-09,99.933471036
2305,92.2,-218.337914517,-1.65403520705e-18,-7.16427387083e-08,433.137209274,7.14405741602e-08,-214.717785708,-218.337914589,433.137209346,6.7971791465e-09,99.9333684801
2306,92.24,-218.339575087,-1.65226886193e-18,-7.1560271221e-08,433.138336369,7.13624917531e-08,-214.717785708,-218.339575159,433.138336441,6.79124447948e-09,99.9332658502
2307,92.28,-218.341284299,-1.65047634814e-18,-7.14769207005e-08,433.13952562,7.128352414e-08,-214.717785708,-218.34128437,433.139525691,6.78526204419e-09,99.9331631456
2308,92.32,-218.343042029,-1.64865666206e-18,-7.13926757073e-08,433.140777034,7.12036593823e-08,-214.717785708,-218.3430421,433.140777105,6.77923171802e-09,99.9330603656
2309,92.36,-218.344848151,-1.64680903515e-18,-7.13075350835e-08,433.142090614,7.11228958071e-08,-214.717785708,-218.344848223,433.142090685,6.77315402095e-09,99.9329575097
2310,92.4,-218.346702535,-1.64493294029e-18,-7.12215078458e-08,433.143466352,7.10412419039e-08,-214.717785708,-218.346702606,433.143466423,6.76703009965e-09,99.932854577
2311,92.44,-218.348605045,-1.64302809201e-18,-7.11346129519e-08,433.144904235,7.09587160955e-08,-214.717785708,-218.348605116,433.144904305,6.76086170373e-09,99.932751567
2312,92.48,-218.350555542,-1.64109444903e-18,-7.10468789629e-08,433.146404238,7.08753464048e-08,-214.717785708,-218.350555613,433.146404309,6.75465115563e-09,99.9326484789
2313,92.52,-218.352553885,-1.63913222309e-18,-7.09583436225e-08,433.147966332,7.07911700391e-08,-214.717785708,-218.352553956,433.147966402,6.74840131576e-09,99.9325453122
2314,92.56,-218.354599925,-1.63714188908e-18,-7.08690533721e-08,433.149590477,7.0706232909e-08,-214.717785708,-218.354599996,433.149590548,6.74211554409e-09,99.9324420661
2315,92.6,-218.356693513,-1.63512418796e-18,-7.07790628164e-08,433.151276627,7.06205890995e-08,-214.717785708,-218.356693583,433.151276698,6.73579765968e-09,99.9323387401
2316,92.64,-218.358834493,-1.63308011969e-18,-7.06884341551e-08,433.153024727,7.05343003041e-08,-214.717785708,-218.358834563,433.153024798,6.72945189875e-09,99.9322353334
2317,92.68,-218.361022706,-1.631010932e-18,-7.05972365918e-08,433.154834714,7.04474352372e-08,-214.717785708,-218.361022777,433.154834785,6.72308287244e-09,99.9321318455
2318,92.72,-218.36325799,-1.62891811365e-18,-7.05055457266e-08,433.156706517,7.03600690304e-08,-214.717785708,-218.363258061,433.156706588,6.71669552433e-09,99.9320282757
2319,92.76,-218.365540179,-1.6268033944e-18,-7.04134429345e-08,433.158640057,7.02722826128e-08,-214.717785708,-218.365540249,433.158640128,6.71029508815e-09,99.9319246234
2320,92.8,-218.367869101,-1.6246687447e-18,-7.03210147235e-08,433.160635247,7.01841620726e-08,-214.717785708,-218.367869171,433.160635317,6.70388704518e-09,99.9318208879
2321,92.84,-218.370244582,-1.6225163671e-18,-7.02283520679e-08,433.162691991,7.00957979918e-08,-214.717785708,-218.370244652,433.162692061,6.69747708133e-09,99.9317170687
2322,92.88,-218.372666444,-1.62034867763e-18,-7.01355497096e-08,433.164810186,7.00072847487e-08,-214.717785708,-218.372666514,433.164810256,6.69107104312e-09,99.9316131651
2323,92.92,-218.375134504,-1.61816828362e-18,-7.00427054221e-08,433.166989721,6.99187197828e-08,-214.717785708,-218.375134574,433.16698979,6.68467489241e-09,99.9315091766
2324,92.96,-218.377648576,-1.61597796524e-18,-6.99499192304e-08,433.169230475,6.98302028153e-08,-214.717785708,-218.377648646,433.169230545,6.67829465905e-09,99.9314051025
2325,93,-218.38020847,-1.61378066067e-18,-6.98572925796e-08,433.171532321,6.9741835018e-08,-214.717785708,-218.38020854,433.171532391,6.67193639129e-09,99.9313009423
2326,93.04,-218.382813992,-1.6115794482e-18,-6.97649274474e-08,433.173895124,6.96537181256e-08,-214.717785708,-218.382814062,433.173895194,6.66560610334e-09,99.9311966953
2327,93.08,-218.385464945,-1.60937751871e-18,-6.96729253997e-08,433.176318739,6.95659534904e-08,-214.717785708,-218.385465015,433.176318808,6.65930972033e-09,99.931092361
2328,93.12,-218.388161127,-1.60717813894e-18,-6.95813865935e-08,433.178803014,6.94786410839e-08,-214.717785708,-218.388161196,433.178803083,6.65305302061e-09,99.9309879389
2329,93.16,-218.390902332,-1.60498461186e-18,-6.94904087351e-08,433.181347788,6.9391878453e-08,-214.717785708,-218.390902402,433.181347858,6.64684157578e-09,99.9308834282
2330,93.2,-218.393688352,-1.60280023967e-18,-6.94000860034e-08,433.183952895,6.93057596419e-08,-214.717785708,-218.393688422,433.183952964,6.64068068914e-09,99.9307788286
2331,93.24,-218.396518974,-1.60062828836e-18,-6.93105079534e-08,433.186618156,6.92203740925e-08,-214.717785708,-218.396519043,433.186618225,6.6345753332e-09,99.9306741394
2332,93.28,-218.399393981,-1.59847194885e-18,-6.92217584122e-08,433.189343388,6.91358055383e-08,-214.717785708,-218.39939405,433.189343457,6.62853008724e-09,99.93056936
2333,93.32,-218.402313153,-1.5963342915e-18,-6.91339143909e-08,433.192128397,6.9052130913e-08,-214.717785708,-218.402313222,433.192128467,6.62254907623e-09,99.93046449
2334,93.36,-218.405276265,-1.59421821679e-18,-6.90470450303e-08,433.194972984,6.89694192929e-08,-214.717785708,-218.405276334,433.194973053,6.61663591219e-09,99.9303595288
2335,93.4,-218.408283091,-1.59212640796e-18,-6.89612106064e-08,433.19787694,6.88877308987e-08,-214.717785708,-218.40828316,433.197877009,6.61079363939e-09,99.9302544758
2336,93.44,-218.411333399,-1.59006128902e-18,-6.88764616156e-08,433.200840047,6.88071161778e-08,-214.717785708,-218.411333468,433.200840116,6.60502468468e-09,99.9301493305
2337,93.48,-218.414426953,-1.58802498669e-18,-6.87928379639e-08,433.203862081,6.87276149895e-08,-214.717785708,-218.414427022,433.20386215,6.59933081435e-09,99.9300440925
2338,93.52,-218.417563515,-1.58601929333e-18,-6.87103682803e-08,433.20694281,6.86492559151e-08,-214.717785708,-218.417563584,433.206942878,6.59371309879e-09,99.9299387611
2339,93.56,-218.420742843,-1.5840456309e-18,-6.86290693751e-08,433.210081991,6.85720557123e-08,-214.717785708,-218.420742911,433.21008206,6.58817188617e-09,99.9298333359
2340,93.6,-218.42396469,-1.58210501975e-18,-6.85489458601e-08,433.213279377,6.84960189327e-08,-214.717785708,-218.423964759,433.213279445,6.58270678611e-09,99.9297278165
2341,93.64,-218.427228808,-1.58019805663e-18,-6.84699899491e-08,433.216534711,6.84211377188e-08,-214.717785708,-218.427228877,433.216534779,6.57731666436e-09,99.9296222021
2342,93.68,-218.430534944,-1.57832490266e-18,-6.83921814472e-08,433.219847727,6.83473917906e-08,-214.717785708,-218.430535012,433.219847796,6.57199964895e-09,99.9295164925
2343,93.72,-218.433882839,-1.57648527846e-18,-6.83154879379e-08,433.223218155,6.82747486298e-08,-214.717785708,-218.433882908,433.223218223,6.5667531484e-09,99.9294106871
2344,93.76,-218.437272236,-1.57467846439e-18,-6.82398651695e-08,433.226645712,6.82031638649e-08,-214.717785708,-218.437272304,433.22664578,6.56157388197e-09,99.9293047854
2345,93.8,-218.440702869,-1.57290330672e-18,-6.81652576405e-08,433.230130111,6.81325818539e-08,-214.717785708,-218.440702937,433.230130179,6.55645792186e-09,99.929198787
2346,93.84,-218.444174472,-1.57115823303e-18,-6.80915993761e-08,433.233671055,6.80629364594e-08,-214.717785708,-218.444174541,433.233671123,6.55140074665e-09,99.9290926914
2347,93.88,-218.447686775,-1.56944127827e-18,-6.80188148839e-08,433.237268241,6.79941520044e-08,-214.717785708,-218.447686843,433.237268309,6.5463973054e-09,99.9289864981
2348,93.92,-218.451239503,-1.56775011933e-18,-6.79468202718e-08,433.240921358,6.79261443884e-08,-214.717785708,-218.451239571,433.240921426,6.54144209097e-09,99.9288802067
2349,93.96,-218.454832378,-1.56608211377e-18,-6.78755245027e-08,433.244630084,6.78588223428e-08,-214.717785708,-218.454832446,433.244630152,6.53652922114e-09,99.9287738168
2350,94,-218.458465121,-1.56443434028e-18,-6.78048307597e-08,433.248394095,6.77920887963e-08,-214.717785708,-218.458465188,433.248394162,6.53165252584e-09,99.9286673278
2351,94.04,-218.462137446,-1.56280364167e-18,-6.77346378938e-08,433.252213053,6.77258423235e-08,-214.717785708,-218.462137514,433.252213121,6.52680563847e-09,99.9285607394
2352,94.08,-218.465849066,-1.5611866729e-18,-6.76648419198e-08,433.256086619,6.76599786418e-08,-214.717785708,-218.465849134,433.256086686,6.5219820893e-09,99.9284540511
2353,94.12,-218.469599691,-1.55957995401e-18,-6.75953375274e-08,433.26001444,6.75943921245e-08,-214.717785708,-218.469599759,433.260014508,6.51717539868e-09,99.9283472625
2354,94.16,-218.473389026,-1.55797992469e-18,-6.75260195726e-08,433.26399616,6.75289772941e-08,-214.717785708,-218.473389093,433.263996228,6.51237916803e-09,99.9282403732
2355,94.2,-218.477216773,-1.55638299585e-18,-6.74567845164e-08,433.268031414,6.7463630263e-08,-214.717785708,-218.47721684,433.268031482,6.50758716651e-09,99.9281333829
2356,94.24,-218.481082632,-1.55478559634e-18,-6.7387531781e-08,433.272119829,6.73982500926e-08,-214.717785708,-218.481082699,433.272119897,6.50279341163e-09,99.9280262909
2357,94.28,-218.484986298,-1.55318421599e-18,-6.7318164999e-08,433.276261026,6.73327400446e-08,-214.717785708,-218.484986366,433.276261093,6.49799224217e-09,99.9279190971
2358,94.32,-218.488927465,-1.55157544785e-18,-6.72485931349e-08,433.280454617,6.72670087061e-08,-214.717785708,-218.488927533,433.280454684,6.49317838231e-09,99.927811801
2359,94.36,-218.492905822,-1.54995602983e-18,-6.71787314626e-08,433.284700207,6.72009709696e-08,-214.717785708,-218.492905889,433.284700274,6.48834699592e-09,99.9277044022
2360,94.4,-218.496921055,-1.54832288319e-18,-6.71085023887e-08,433.288997395,6.71345488588e-08,-214.717785708,-218.496921122,433.288997462,6.4834937306e-09,99.9275969003
2361,94.44,-218.500972848,-1.54667314435e-18,-6.70378361163e-08,433.293345771,6.70676721957e-08,-214.717785708,-218.500972915,433.293345839,6.4786147514e-09,99.927489295
2362,94.48,-218.50506088,-1.54500418877e-18,-6.69666711528e-08,433.29774492,6.70002791106e-08,-214.717785708,-218.505060947,433.297744987,6.47370676438e-09,99.9273815859
2363,94.52,-218.509184829,-1.54331364904e-18,-6.6894954667e-08,433.302194418,6.69323164021e-08,-214.717785708,-218.509184895,433.302194485,6.46876703071e-09,99.9272737726
2364,94.56,-218.513344367,-1.54159943046e-18,-6.68226427066e-08,433.306693834,6.68637397567e-08,-214.717785708,-218.513344434,433.306693901,6.46379337198e-09,99.9271658548
2365,94.6,-218.517539167,-1.5398597254e-18,-6.67497002887e-08,433.311242731,6.67945138419e-08,-214.717785708,-218.517539234,433.311242798,6.45878416762e-09,99.9270578321
2366,94.64,-218.521768896,-1.538093025e-18,-6.66761013791e-08,433.315840664,6.67246122868e-08,-214.717785708,-218.521768963,433.315840731,6.45373834576e-09,99.9269497042
2367,94.68,-218.526033219,-1.53629812557e-18,-6.66018287738e-08,433.320487183,6.66540175655e-08,-214.717785708,-218.526033286,433.32048725,6.44865536845e-09,99.9268414708
2368,94.72,-218.530331797,-1.53447412904e-18,-6.65268739008e-08,433.325181828,6.65827208003e-08,-214.717785708,-218.530331863,433.325181895,6.44353521242e-09,99.9267331316
2369,94.76,-218.534664289,-1.5326204393e-18,-6.64512365539e-08,433.329924136,6.65107214972e-08,-214.717785708,-218.534664356,433.329924202,6.43837834634e-09,99.9266246861
2370,94.8,-218.539030351,-1.53073675786e-18,-6.63749245735e-08,433.334713634,6.64380272273e-08,-214.717785708,-218.539030418,433.3347137,6.43318570543e-09,99.9265161342
2371,94.84,-218.543429637,-1.52882307984e-18,-6.62979534839e-08,433.339549844,6.63646532657e-08,-214.717785708,-218.543429703,433.33954991,6.42795866403e-09,99.9264074754
2372,94.88,-218.547861795,-1.52687968926e-18,-6.62203460961e-08,433.34443228,6.62906221942e-08,-214.717785708,-218.547861861,433.344432347,6.42269900692e-09,99.9262987096
2373,94.92,-218.552326474,-1.52490715083e-18,-6.61421320805e-08,433.349360453,6.6215963475e-08,-214.717785708,-218.55232654,433.349360519,6.41740889962e-09,99.9261898363
2374,94.96,-218.556823318,-1.52290629737e-18,-6.60633475132e-08,433.354333862,6.61407129973e-08,-214.717785708,-218.556823384,433.354333929,6.41209085776e-09,99.9260808553
2375,95,-218.561351968,-1.5208782143e-18,-6.59840343976e-08,433.359352006,6.60649125992e-08,-214.717785708,-218.561352034,433.359352072,6.40674771593e-09,99.9259717664
2376,95.04,-218.565912063,-1.51882422374e-18,-6.59042401629e-08,433.364414371,6.59886095667e-08,-214.717785708,-218.565912129,433.364414437,6.40138259563e-09,99.9258625692
2377,95.08,-218.570503239,-1.51674586906e-18,-6.58240171408e-08,433.369520443,6.591185611e-08,-214.717785708,-218.570503305,433.369520509,6.39599887262e-09,99.9257532634
2378,95.12,-218.57512513,-1.51464489837e-18,-6.57434220191e-08,433.374669696,6.58347088168e-08,-214.717785708,-218.575125195,433.374669762,6.39060014351e-09,99.9256438489
2379,95.16,-218.579777366,-1.51252324457e-18,-6.56625152709e-08,433.379861604,6.57572280814e-08,-214.717785708,-218.579777431,433.379861669,6.38519019142e-09,99.9255343253
2380,95.2,-218.584459575,-1.51038300155e-18,-6.55813605595e-08,433.385095629,6.56794775089e-08,-214.717785708,-218.58445964,433.385095694,6.37977295062e-09,99.9254246924
2381,95.24,-218.589171382,-1.50822639829e-18,-6.55000241198e-08,433.390371231,6.5601523296e-08,-214.717785708,-218.589171448,433.390371296,6.37435247031e-09,99.92531495
2382,95.28,-218.593912411,-1.506055773e-18,-6.54185741201e-08,433.395687862,6.5523433592e-08,-214.717785708,-218.593912477,433.395687928,6.36893287734e-09,99.9252050978
2383,95.32,-218.598682281,-1.50387354769e-18,-6.53370800063e-08,433.40104497,6.54452778417e-08,-214.717785708,-218.598682347,433.401045036,6.36351833829e-09,99.9250951355
2384,95.36,-218.60348061,-1.50168220135e-18,-6.52556118304e-08,433.406441997,6.5367126113e-08,-214.717785708,-218.603480675,433.406442062,6.35811302068e-09,99.924985063
2385,95.4,-218.608307013,-1.49948424046e-18,-6.51742395676e-08,433.411878376,6.52890484113e-08,-214.717785708,-218.608307078,433.411878442,6.35272105379e-09,99.9248748801
2386,95.44,-218.613161102,-1.49728216744e-18,-6.50930324256e-08,433.41735354,6.52111139885e-08,-214.717785708,-218.613161167,433.417353605,6.34734648902e-09,99.9247645864
2387,95.48,-218.618042488,-1.49507844987e-18,-6.50120581536e-08,433.422866912,6.51333906493e-08,-214.717785708,-218.618042553,433.422866977,6.34199326039e-09,99.9246541819
2388,95.52,-218.622950778,-1.49287549208e-18,-6.49313823587e-08,433.428417911,6.50559440654e-08,-214.717785708,-218.622950843,433.428417976,6.33666514532e-09,99.9245436662
2389,95.56,-218.627885578,-1.49067560857e-18,-6.48510678328e-08,433.434005951,6.49788371002e-08,-214.717785708,-218.627885642,433.434006016,6.33136572622e-09,99.9244330393
2390,95.6,-218.632846489,-1.4884809973e-18,-6.47711738981e-08,433.439630441,6.49021291511e-08,-214.717785708,-218.632846554,433.439630506,6.32609835306e-09,99.9243223008
2391,95.64,-218.637833113,-1.48629371235e-18,-6.46917557773e-08,433.445290784,6.48258755178e-08,-214.717785708,-218.637833178,433.445290849,6.3208661075e-09,99.9242114507
2392,95.68,-218.642845049,-1.48411563821e-18,-6.46128639996e-08,433.450986379,6.47501268045e-08,-214.717785708,-218.642845113,433.450986444,6.31567176917e-09,99.9241004888
2393,95.72,-218.647881891,-1.48194846873e-18,-6.45345438508e-08,433.456716619,6.4674928368e-08,-214.717785708,-218.647881955,433.456716683,6.31051778453e-09,99.9239894148
2394,95.76,-218.652943233,-1.47979369149e-18,-6.44568348772e-08,433.462480891,6.46003198173e-08,-214.717785708,-218.652943298,433.462480956,6.30540623899e-09,99.9238782287
2395,95.8,-218.658028667,-1.4776525753e-18,-6.43797704507e-08,433.468278581,6.45263345763e-08,-214.717785708,-218.658028732,433.468278645,6.30033883279e-09,99.9237669302
2396,95.84,-218.663137782,-1.47552615838e-18,-6.43033774047e-08,433.474109066,6.44529995159e-08,-214.717785708,-218.663137847,433.47410913,6.29531686125e-09,99.9236555192
2397,95.88,-218.668270165,-1.47341523757e-18,-6.42276757505e-08,433.479971721,6.43803346687e-08,-214.717785708,-218.66827023,433.479971785,6.29034120008e-09,99.9235439956
2398,95.92,-218.673425401,-1.47132036157e-18,-6.41526784862e-08,433.485865916,6.43083530341e-08,-214.717785708,-218.673425465,433.48586598,6.28541229627e-09,99.9234323592
2399,95.96,-218.678603073,-1.46924183119e-18,-6.40783915037e-08,433.491791015,6.42370604842e-08,-214.717785708,-218.678603137,433.491791079,6.28053016517e-09,99.9233206099
2400,96,-218.683802761,-1.46717970542e-18,-6.40048136e-08,433.49774638,6.41664557719e-08,-214.717785708,-218.683802825,433.497746444,6.27569439383e-09,99.9232087476
2401,96.04,-218.689024044,-1.46513380981e-18,-6.39319365931e-08,433.503731367,6.40965306456e-08,-214.717785708,-218.689024108,433.503731431,6.270904151e-09,99.923096772
2402,96.08,-218.694266498,-1.46310374431e-18,-6.38597455463e-08,433.509745329,6.40272700723e-08,-214.717785708,-218.694266562,433.509745393,6.26615820379e-09,99.9229846833
2403,96.12,-218.699529699,-1.46108889171e-18,-6.37882190981e-08,433.515787614,6.39586525673e-08,-214.717785708,-218.699529763,433.515787678,6.26145494091e-09,99.9228724811
2404,96.16,-218.704813219,-1.45908843034e-18,-6.37173298937e-08,433.521857566,6.38906506263e-08,-214.717785708,-218.704813282,433.52185763,6.25679240201e-09,99.9227601654
2405,96.2,-218.710116628,-1.45710135288e-18,-6.364704511e-08,433.527954525,6.38232312509e-08,-214.717785708,-218.710116692,433.527954589,6.25216831267e-09,99.9226477362
2406,96.24,-218.715439497,-1.45512648909e-18,-6.35773270596e-08,433.53407783,6.3756356553e-08,-214.717785708,-218.71543956,433.534077894,6.24758012395e-09,99.9225351932
2407,96.28,-218.720781391,-1.45316252824e-18,-6.35081338595e-08,433.540226811,6.36899844257e-08,-214.717785708,-218.720781455,433.540226875,6.24302505585e-09,99.9224225365
2408,96.32,-218.726141877,-1.451208039e-18,-6.34394201485e-08,433.5464008,6.36240692627e-08,-214.717785708,-218.72614194,433.546400864,6.2385001435e-09,99.922309766
2409,96.36,-218.731520517,-1.44926148873e-18,-6.33711378371e-08,433.552599121,6.35585627114e-08,-214.717785708,-218.73152058,433.552599185,6.23400228494e-09,99.9221968816
2410,96.4,-218.736916873,-1.44732126545e-18,-6.33032368705e-08,433.558821098,6.34934144388e-08,-214.717785708,-218.736916937,433.558821161,6.22952828931e-09,99.9220838831
2411,96.44,-218.742330506,-1.44538570341e-18,-6.3235665986e-08,433.565066049,6.34285728919e-08,-214.717785708,-218.742330569,433.565066112,6.22507492406e-09,99.9219707707
2412,96.48,-218.747760974,-1.44345310936e-18,-6.31683734474e-08,433.57133329,6.33639860347e-08,-214.717785708,-218.747761037,433.571333353,6.22063896031e-09,99.9218575441
2413,96.52,-218.753207833,-1.44152178542e-18,-6.31013077399e-08,433.577622135,6.32996020467e-08,-214.717785708,-218.753207896,433.577622198,6.21621721525e-09,99.9217442035
2414,96.56,-218.758670638,-1.43959004764e-18,-6.30344182133e-08,433.583931893,6.32353699691e-08,-214.717785708,-218.758670701,433.583931956,6.21180659094e-09,99.9216307486
2415,96.6,-218.764148944,-1.43765624228e-18,-6.29676556632e-08,433.590261871,6.31712402892e-08,-214.717785708,-218.764149007,433.590261934,6.20740410876e-09,99.9215171795
