run,label,eta,region,gap,t_au,N_total,wake_under_cap,refl_frac
baseline,"baseline η=−1.0 [25,40]",-1.0,"[25,40]",12.5,0.0,52.99999999996728,7.03919913488922e-05,0.34895729113954277
baseline,"baseline η=−1.0 [25,40]",-1.0,"[25,40]",12.5,0.16,52.999993122876106,6.853446987596276e-05,0.17751336966976
baseline,"baseline η=−1.0 [25,40]",-1.0,"[25,40]",12.5,0.32,52.99998646357827,6.685679296347399e-05,0.06732686311245081
baseline,"baseline η=−1.0 [25,40]",-1.0,"[25,40]",12.5,0.48,52.99997999191508,6.53320470538024e-05,0.017797101435906685
baseline,"baseline η=−1.0 [25,40]",-1.0,"[25,40]",12.5,0.64,52.99997368238157,6.393186748295202e-05,0.003076495424881786
baseline,"baseline η=−1.0 [25,40]",-1.0,"[25,40]",12.5,0.8,52.9999675132128,6.262958028309203e-05,0.00034528235678467806
baseline,"baseline η=−1.0 [25,40]",-1.0,"[25,40]",12.5,0.96,52.99996146583881,6.140905803833871e-05,2.774466219426802e-05
baseline,"baseline η=−1.0 [25,40]",-1.0,"[25,40]",12.5,1.12,52.99995552446596,6.025852701026485e-05,1.710061469794019e-06
baseline,"baseline η=−1.0 [25,40]",-1.0,"[25,40]",12.5,1.28,52.99994967568199,5.917232950489217e-05,1.3698887025610207e-06
baseline,"baseline η=−1.0 [25,40]",-1.0,"[25,40]",12.5,1.44,52.99994390803677,5.814540087900939e-05,1.6606198890330992e-06
baseline,"baseline η=−1.0 [25,40]",-1.0,"[25,40]",12.5,1.6,52.99993821161323,5.717517456365128e-05,1.9599541652141235e-06
baseline,"baseline η=−1.0 [25,40]",-1.0,"[25,40]",12.5,1.76,52.99993257763366,5.6255443208635885e-05,2.260995407766249e-06
baseline,"baseline η=−1.0 [25,40]",-1.0,"[25,40]",12.5,1.92,52.99992699814855,5.5388103137487766e-05,2.535301270959928e-06
baseline,"baseline η=−1.0 [25,40]",-1.0,"[25,40]",12.5,2.08,52.999921465815376,5.4574979017113e-05,2.7805675068321863e-06
baseline,"baseline η=−1.0 [25,40]",-1.0,"[25,40]",12.5,2.24,52.99991597374126,5.3818867648896596e-05,2.9923125577269354e-06
baseline,"baseline η=−1.0 [25,40]",-1.0,"[25,40]",12.5,2.4,52.999910515389345,5.3124408535095396e-05,3.1693854848284537e-06
baseline,"baseline η=−1.0 [25,40]",-1.0,"[25,40]",12.5,2.56,52.99990508453496,5.249239745647806e-05,3.3089494318338654e-06
baseline,"baseline η=−1.0 [25,40]",-1.0,"[25,40]",12.5,2.72,52.99989967527425,5.192251507786856e-05,3.4121993630590653e-06
baseline,"baseline η=−1.0 [25,40]",-1.0,"[25,40]",12.5,2.88,52.999894282081776,5.141360930791592e-05,3.477755570061624e-06
baseline,"baseline η=−1.0 [25,40]",-1.0,"[25,40]",12.5,3.04,52.99988889989724,5.096134947526009e-05,3.5081952943348963e-06
baseline,"baseline η=−1.0 [25,40]",-1.0,"[25,40]",12.5,3.2,52.99988352422251,5.0558320342183145e-05,3.503910667156405e-06
baseline,"baseline η=−1.0 [25,40]",-1.0,"[25,40]",12.5,3.36,52.99987815121612,5.0195404552639655e-05,3.4682834141629934e-06
baseline,"baseline η=−1.0 [25,40]",-1.0,"[25,40]",12.5,3.52,52.999872777773554,4.986337759722828e-05,3.4031366240771096e-06
baseline,"baseline η=−1.0 [25,40]",-1.0,"[25,40]",12.5,3.68,52.99986740158867,4.955472043741092e-05,3.312222794199494e-06
baseline,"baseline η=−1.0 [25,40]",-1.0,"[25,40]",12.5,3.84,52.999862021181514,4.926377400892538e-05,3.198218806207247e-06
baseline,"baseline η=−1.0 [25,40]",-1.0,"[25,40]",12.5,4.0,52.999856635886474,4.898590624743352e-05,3.0649932092385686e-06
baseline,"baseline η=−1.0 [25,40]",-1.0,"[25,40]",12.5,4.16,52.99985124579023,4.871767978992453e-05,2.9156040635934776e-06
baseline,"baseline η=−1.0 [25,40]",-1.0,"[25,40]",12.5,4.32,52.99984585161938,4.8457007558745805e-05,2.753938114047919e-06
baseline,"baseline η=−1.0 [25,40]",-1.0,"[25,40]",12.5,4.48,52.99984045458733,4.82033043685255e-05,2.5831120649114778e-06
baseline,"baseline η=−1.0 [25,40]",-1.0,"[25,40]",12.5,4.64,52.99983505621714,4.7957131361963416e-05,2.4068627717435115e-06
baseline,"baseline η=−1.0 [25,40]",-1.0,"[25,40]",12.5,4.8,52.9998296581624,4.771965772888583e-05,2.22803102574625e-06
baseline,"baseline η=−1.0 [25,40]",-1.0,"[25,40]",12.5,4.96,52.99982426204613,4.749252538812832e-05,2.049870080450574e-06
baseline,"baseline η=−1.0 [25,40]",-1.0,"[25,40]",12.5,5.12,52.999818869332636,4.727810505010114e-05,1.874628795179425e-06
baseline,"baseline η=−1.0 [25,40]",-1.0,"[25,40]",12.5,5.28,52.99981348123644,4.707921939646384e-05,1.7047461683846433e-06
baseline,"baseline η=−1.0 [25,40]",-1.0,"[25,40]",12.5,5.44,52.99980809866688,4.6899119834478006e-05,1.5417252886304757e-06
baseline,"baseline η=−1.0 [25,40]",-1.0,"[25,40]",12.5,5.6000000000000005,52.999802722201686,4.674015527495755e-05,1.3870460954215889e-06
baseline,"baseline η=−1.0 [25,40]",-1.0,"[25,40]",12.5,5.76,52.99979735208388,4.6604221999630616e-05,1.2415428980580623e-06
baseline,"baseline η=−1.0 [25,40]",-1.0,"[25,40]",12.5,5.92,52.999791988238364,4.6492020317459644e-05,1.1058289613702565e-06
baseline,"baseline η=−1.0 [25,40]",-1.0,"[25,40]",12.5,6.08,52.9997866303038,4.640371751258019e-05,9.80300134049115e-07
baseline,"baseline η=−1.0 [25,40]",-1.0,"[25,40]",12.5,6.24,52.99978127767747,4.6339733758239476e-05,8.649021634997278e-07
baseline,"baseline η=−1.0 [25,40]",-1.0,"[25,40]",12.5,6.4,52.9997759295678,4.629975510193857e-05,7.597800308172325e-07
baseline,"baseline η=−1.0 [25,40]",-1.0,"[25,40]",12.5,6.5600000000000005,52.999770585049745,4.628412510779831e-05,6.643665512203997e-07
baseline,"baseline η=−1.0 [25,40]",-1.0,"[25,40]",12.5,6.72,52.99976524311956,4.629179308927491e-05,5.786590372094084e-07
baseline,"baseline η=−1.0 [25,40]",-1.0,"[25,40]",12.5,6.88,52.99975990274268,4.632191771326098e-05,5.017461403030057e-07
baseline,"baseline η=−1.0 [25,40]",-1.0,"[25,40]",12.5,7.04,52.999754562898744,4.6372414663863294e-05,4.335844246097287e-07
baseline,"baseline η=−1.0 [25,40]",-1.0,"[25,40]",12.5,7.2,52.999749222613765,4.644259951471651e-05,3.7308964170986606e-07
baseline,"baseline η=−1.0 [25,40]",-1.0,"[25,40]",12.5,7.36,52.999743880975245,4.6530012104776935e-05,3.2021010532862733e-07
baseline,"baseline η=−1.0 [25,40]",-1.0,"[25,40]",12.5,7.5200000000000005,52.99973853715909,4.663556609742119e-05,2.7377070464322253e-07
baseline,"baseline η=−1.0 [25,40]",-1.0,"[25,40]",12.5,7.68,52.999733190431584,4.675589701607081e-05,2.3369089155182444e-07
baseline,"baseline η=−1.0 [25,40]",-1.0,"[25,40]",12.5,7.84,52.99972784014623,4.6891741269771485e-05,1.9878347893550017e-07
baseline,"baseline η=−1.0 [25,40]",-1.0,"[25,40]",12.5,8.0,52.999722485743,4.704165583560324e-05,1.6896454596824865e-07
baseline,"baseline η=−1.0 [25,40]",-1.0,"[25,40]",12.5,8.16,52.99971712673805,4.7202321644580165e-05,1.43131737924905e-07
baseline,"baseline η=−1.0 [25,40]",-1.0,"[25,40]",12.5,8.32,52.99971176271776,4.737802060705472e-05,1.2123673174049054e-07
baseline,"baseline η=−1.0 [25,40]",-1.0,"[25,40]",12.5,8.48,52.99970639333012,4.75661698609502e-05,1.0232324687255706e-07
baseline,"baseline η=−1.0 [25,40]",-1.0,"[25,40]",12.5,8.64,52.99970101826653,4.7764542849968785e-05,8.639569499193508e-08
baseline,"baseline η=−1.0 [25,40]",-1.0,"[25,40]",12.5,8.8,52.99969563724646,4.798078185749642e-05,7.266565672942079e-08
baseline,"baseline η=−1.0 [25,40]",-1.0,"[25,40]",12.5,8.96,52.999690249998345,4.821913384795909e-05,6.119297491646807e-08
baseline,"baseline η=−1.0 [25,40]",-1.0,"[25,40]",12.5,9.120000000000001,52.999684856190314,4.8482127407527665e-05,5.1352621394781045e-08
baseline,"baseline η=−1.0 [25,40]",-1.0,"[25,40]",12.5,9.28,52.999679455301,4.880145527693203e-05,4.3243221189431964e-08
baseline,"baseline η=−1.0 [25,40]",-1.0,"[25,40]",12.5,9.44,52.99967404634432,4.923986895519601e-05,3.637167239539606e-08
baseline,"baseline η=−1.0 [25,40]",-1.0,"[25,40]",12.5,9.6,52.99966862722677,4.991863316841321e-05,3.083926371667532e-08
baseline,"baseline η=−1.0 [25,40]",-1.0,"[25,40]",12.5,9.76,52.999663193365976,5.1103652750313926e-05,2.6247729427484357e-08
baseline,"baseline η=−1.0 [25,40]",-1.0,"[25,40]",12.5,9.92,52.99965773476546,5.335587688194452e-05,2.267422833350702e-08
baseline,"baseline η=−1.0 [25,40]",-1.0,"[25,40]",12.5,10.08,52.99965222996116,5.7794425014933853e-05,1.979888105338652e-08
baseline,"baseline η=−1.0 [25,40]",-1.0,"[25,40]",12.5,10.24,52.9996466338496,6.656935170842996e-05,1.766473894030793e-08
baseline,"baseline η=−1.0 [25,40]",-1.0,"[25,40]",12.5,10.4,52.99964085397408,8.374293894176563e-05,1.602467981031558e-08
baseline,"baseline η=−1.0 [25,40]",-1.0,"[25,40]",12.5,10.56,52.9996347056192,0.00011688191062532087,1.4879142789338326e-08
baseline,"baseline η=−1.0 [25,40]",-1.0,"[25,40]",12.5,10.72,52.99962782857358,0.00017986894803829947,1.4040113085896316e-08
baseline,"baseline η=−1.0 [25,40]",-1.0,"[25,40]",12.5,10.88,52.999619535390245,0.00029747365797298445,1.3458400436562777e-08
baseline,"baseline η=−1.0 [25,40]",-1.0,"[25,40]",12.5,11.040000000000001,52.99960854014236,0.0005116882943922182,1.3008423255890391e-08
baseline,"baseline η=−1.0 [25,40]",-1.0,"[25,40]",12.5,11.200000000000001,52.99959248941143,0.0008885156281824826,1.2635634658276984e-08
baseline,"baseline η=−1.0 [25,40]",-1.0,"[25,40]",12.5,11.36,52.99956719430213,0.0015226348931137118,1.2330971496302209e-08
baseline,"baseline η=−1.0 [25,40]",-1.0,"[25,40]",12.5,11.52,52.99952546520265,0.0025383268674877904,1.2099352991721707e-08
baseline,"baseline η=−1.0 [25,40]",-1.0,"[25,40]",12.5,11.68,52.99945549799737,0.004088976569524217,1.201252270201008e-08
baseline,"baseline η=−1.0 [25,40]",-1.0,"[25,40]",12.5,11.84,52.999338838201524,0.0063595008678637936,1.2033873166211893e-08
baseline,"baseline η=−1.0 [25,40]",-1.0,"[25,40]",12.5,12.0,52.99914800718545,0.00956892051918844,1.2176651529508999e-08
baseline,"baseline η=−1.0 [25,40]",-1.0,"[25,40]",12.5,12.16,52.998843882551604,0.013959582582003817,1.2416671737720472e-08
baseline,"baseline η=−1.0 [25,40]",-1.0,"[25,40]",12.5,12.32,52.99837294978211,0.019767011162185055,1.2934894041617216e-08
baseline,"baseline η=−1.0 [25,40]",-1.0,"[25,40]",12.5,12.48,52.997664688450534,0.02719223711965755,1.3995541401101824e-08
baseline,"baseline η=−1.0 [25,40]",-1.0,"[25,40]",12.5,12.64,52.9966295574673,0.03640024143532506,1.60202572610549e-08
baseline,"baseline η=−1.0 [25,40]",-1.0,"[25,40]",12.5,12.8,52.995158047027566,0.04751961557239516,1.972267247743426e-08
baseline,"baseline η=−1.0 [25,40]",-1.0,"[25,40]",12.5,12.96,52.99312102150159,0.060603581489067936,2.6488289960042705e-08
baseline,"baseline η=−1.0 [25,40]",-1.0,"[25,40]",12.5,13.120000000000001,52.990371444154526,0.07559222517102791,3.8878382862361373e-08
baseline,"baseline η=−1.0 [25,40]",-1.0,"[25,40]",12.5,13.280000000000001,52.98674770262401,0.0923420820902049,6.079449932566883e-08
baseline,"baseline η=−1.0 [25,40]",-1.0,"[25,40]",12.5,13.44,52.98207865090575,0.11065980407800534,9.832237711669707e-08
baseline,"baseline η=−1.0 [25,40]",-1.0,"[25,40]",12.5,13.6,52.97618996443794,0.13025615312727867,1.6062180707471734e-07
baseline,"baseline η=−1.0 [25,40]",-1.0,"[25,40]",12.5,13.76,52.96891123662128,0.1507362549327046,2.6184549662439833e-07
baseline,"baseline η=−1.0 [25,40]",-1.0,"[25,40]",12.5,13.92,52.960083600890975,0.17170237439303748,4.233245376226674e-07
baseline,"baseline η=−1.0 [25,40]",-1.0,"[25,40]",12.5,14.08,52.94956748513229,0.19276661292507194,6.795858540463357e-07
baseline,"baseline η=−1.0 [25,40]",-1.0,"[25,40]",12.5,14.24,52.9372495502311,0.21346156511945263,1.0890781444500021e-06
baseline,"baseline η=−1.0 [25,40]",-1.0,"[25,40]",12.5,14.4,52.923048317443985,0.23333160973692688,1.7517636926762168e-06
baseline,"baseline η=−1.0 [25,40]",-1.0,"[25,40]",12.5,14.56,52.906918610610475,0.25204734084327196,2.829349643476302e-06
baseline,"baseline η=−1.0 [25,40]",-1.0,"[25,40]",12.5,14.72,52.888854323446076,0.2692640928766101,4.560645475532834e-06
baseline,"baseline η=−1.0 [25,40]",-1.0,"[25,40]",12.5,14.88,52.86888898146579,0.2846198043408768,7.25875994729105e-06
baseline,"baseline η=−1.0 [25,40]",-1.0,"[25,40]",12.5,15.040000000000001,52.84709471534386,0.2979381401258761,1.1287938423281449e-05
baseline,"baseline η=−1.0 [25,40]",-1.0,"[25,40]",12.5,15.200000000000001,52.82357993738262,0.30909336308241975,1.7040718554081964e-05
baseline,"baseline η=−1.0 [25,40]",-1.0,"[25,40]",12.5,15.36,52.798485276425986,0.3178950005218956,2.4951865926628066e-05
baseline,"baseline η=−1.0 [25,40]",-1.0,"[25,40]",12.5,15.52,52.77197848522272,0.32433731517992753,3.5559317570207195e-05
baseline,"baseline η=−1.0 [25,40]",-1.0,"[25,40]",12.5,15.68,52.7442490999307,0.32849881547847753,4.954733052142301e-05
baseline,"baseline η=−1.0 [25,40]",-1.0,"[25,40]",12.5,15.84,52.715502427608,0.33035089265443496,6.767112588656904e-05
baseline,"baseline η=−1.0 [25,40]",-1.0,"[25,40]",12.5,16.0,52.68595337350547,0.33002458596582385,9.056492690174479e-05
baseline,"baseline η=−1.0 [25,40]",-1.0,"[25,40]",12.5,16.16,52.655820947013325,0.3277277593808205,0.00011863147853456425
baseline,"baseline η=−1.0 [25,40]",-1.0,"[25,40]",12.5,16.32,52.62532293952233,0.32353506334440646,0.00015219098978655086
baseline,"baseline η=−1.0 [25,40]",-1.0,"[25,40]",12.5,16.48,52.59467105082216,0.3176604039454998,0.0001917076637608837
baseline,"baseline η=−1.0 [25,40]",-1.0,"[25,40]",12.5,16.64,52.56406711329868,0.3103538962701546,0.00023764879474666458
baseline,"baseline η=−1.0 [25,40]",-1.0,"[25,40]",12.5,16.8,52.533699808612546,0.3017316349158904,0.0002899939080109521
baseline,"baseline η=−1.0 [25,40]",-1.0,"[25,40]",12.5,16.96,52.503742045025,0.29203769172688515,0.0003481208013899905
baseline,"baseline η=−1.0 [25,40]",-1.0,"[25,40]",12.5,17.12,52.47434937729265,0.2814945853175102,0.00041141882560765026
baseline,"baseline η=−1.0 [25,40]",-1.0,"[25,40]",12.5,17.28,52.445658846361454,0.2702217373096947,0.0004796634284582556
baseline,"baseline η=−1.0 [25,40]",-1.0,"[25,40]",12.5,17.44,52.417788426567476,0.2584496790681934,0.0005522974424784718
baseline,"baseline η=−1.0 [25,40]",-1.0,"[25,40]",12.5,17.6,52.390837198272976,0.24633518813344343,0.0006277786969432747
baseline,"baseline η=−1.0 [25,40]",-1.0,"[25,40]",12.5,17.76,52.364885728306696,0.23398788386836672,0.0007044533550242552
baseline,"baseline η=−1.0 [25,40]",-1.0,"[25,40]",12.5,17.92,52.339996892926635,0.22159072717084924,0.0007815769120214285
baseline,"baseline η=−1.0 [25,40]",-1.0,"[25,40]",12.5,18.080000000000002,52.316217046264654,0.20923123696470464,0.0008583884863245813
baseline,"baseline η=−1.0 [25,40]",-1.0,"[25,40]",12.5,18.240000000000002,52.29357722322718,0.19700614072257822,0.0009329580564869093
baseline,"baseline η=−1.0 [25,40]",-1.0,"[25,40]",12.5,18.400000000000002,52.27209459579864,0.18503090499943628,0.0010034266489204178
baseline,"baseline η=−1.0 [25,40]",-1.0,"[25,40]",12.5,18.56,52.25177397125114,0.17334541761162972,0.0010693389987866536
baseline,"baseline η=−1.0 [25,40]",-1.0,"[25,40]",12.5,18.72,52.23260924507399,0.16202653463888067,0.0011301707132417493
baseline,"baseline η=−1.0 [25,40]",-1.0,"[25,40]",12.5,18.88,52.21458493014675,0.1511234158759787,0.0011842000009930052
baseline,"baseline η=−1.0 [25,40]",-1.0,"[25,40]",12.5,19.04,52.197677562594365,0.14065499844025073,0.0012303755159982525
baseline,"baseline η=−1.0 [25,40]",-1.0,"[25,40]",12.5,19.2,52.1818570450161,0.13066702532851338,0.0012690813489874904
baseline,"baseline η=−1.0 [25,40]",-1.0,"[25,40]",12.5,19.36,52.16708792979621,0.12116339738983693,0.0013000534283153942
baseline,"baseline η=−1.0 [25,40]",-1.0,"[25,40]",12.5,19.52,52.15333054347894,0.11215583924117437,0.0013222633184783296
baseline,"baseline η=−1.0 [25,40]",-1.0,"[25,40]",12.5,19.68,52.14054204332251,0.10365424263975258,0.0013359624964691347
baseline,"baseline η=−1.0 [25,40]",-1.0,"[25,40]",12.5,19.84,52.12867734454751,0.09564484254911672,0.0013420605657100955
baseline,"baseline η=−1.0 [25,40]",-1.0,"[25,40]",12.5,20.0,52.11768992549229,0.08813028262026079,0.0013403995127873787
baseline,"baseline η=−1.0 [25,40]",-1.0,"[25,40]",12.5,20.16,52.10753255021799,0.08109426576003997,0.0013309418971052898
baseline,"baseline η=−1.0 [25,40]",-1.0,"[25,40]",12.5,20.32,52.098157861936656,0.0745223772944395,0.0013148502238968288
baseline,"baseline η=−1.0 [25,40]",-1.0,"[25,40]",12.5,20.48,52.08951889841975,0.06840231145905144,0.001292879632114532
baseline,"baseline η=−1.0 [25,40]",-1.0,"[25,40]",12.5,20.64,52.08156951632916,0.06270989961534107,0.0012649874946074776
baseline,"baseline η=−1.0 [25,40]",-1.0,"[25,40]",12.5,20.8,52.07426472974617,0.05743083448192598,0.001232044456539693
baseline,"baseline η=−1.0 [25,40]",-1.0,"[25,40]",12.5,20.96,52.06756099029481,0.05254165471393437,0.0011953072364899692
baseline,"baseline η=−1.0 [25,40]",-1.0,"[25,40]",12.5,21.12,52.06141639107287,0.04802194383207561,0.0011549064508940142
baseline,"baseline η=−1.0 [25,40]",-1.0,"[25,40]",12.5,21.28,52.05579082429502,0.04385208578449977,0.001111346986327878
baseline,"baseline η=−1.0 [25,40]",-1.0,"[25,40]",12.5,21.44,52.0506460887703,0.04000854737778481,0.001065991289636279
baseline,"baseline η=−1.0 [25,40]",-1.0,"[25,40]",12.5,21.6,52.045945955771884,0.03647373508072337,0.0010190206033114625
baseline,"baseline η=−1.0 [25,40]",-1.0,"[25,40]",12.5,21.76,52.0416562048266,0.03322530089414236,0.0009706061153768946
baseline,"baseline η=−1.0 [25,40]",-1.0,"[25,40]",12.5,21.92,52.03774462379094,0.030244836933264088,0.0009219720608078006
baseline,"baseline η=−1.0 [25,40]",-1.0,"[25,40]",12.5,22.080000000000002,52.03418099073764,0.027513375576588152,0.0008732101891108381
baseline,"baseline η=−1.0 [25,40]",-1.0,"[25,40]",12.5,22.240000000000002,52.03093703461837,0.025012496677371165,0.0008244239748032627
baseline,"baseline η=−1.0 [25,40]",-1.0,"[25,40]",12.5,22.400000000000002,52.02798638228167,0.022726517667520242,0.0007767006812060379
baseline,"baseline η=−1.0 [25,40]",-1.0,"[25,40]",12.5,22.56,52.025304493002416,0.020637644058993425,0.0007298695234224565
baseline,"baseline η=−1.0 [25,40]",-1.0,"[25,40]",12.5,22.72,52.02286858183289,0.018731716025059287,0.0006839910218689782
baseline,"baseline η=−1.0 [25,40]",-1.0,"[25,40]",12.5,22.88,52.02065754078139,0.016993641514519826,0.0006398396132073227
baseline,"baseline η=−1.0 [25,40]",-1.0,"[25,40]",12.5,23.04,52.01865185406624,0.015410604547149966,0.0005970670103879167
baseline,"baseline η=−1.0 [25,40]",-1.0,"[25,40]",12.5,23.2,52.01683351182312,0.013969827444591854,0.0005560103935177912
baseline,"baseline η=−1.0 [25,40]",-1.0,"[25,40]",12.5,23.36,52.01518592102742,0.012659032118795181,0.0005170495086284088
baseline,"baseline η=−1.0 [25,40]",-1.0,"[25,40]",12.5,23.52,52.013693818735796,0.011468155884166546,0.0004796430162369063
baseline,"baseline η=−1.0 [25,40]",-1.0,"[25,40]",12.5,23.68,52.012343187471444,0.010386369635697414,0.0004442283897520357
baseline,"baseline η=−1.0 [25,40]",-1.0,"[25,40]",12.5,23.84,52.01112117062515,0.009404915501031598,0.0004108246638538451
baseline,"baseline η=−1.0 [25,40]",-1.0,"[25,40]",12.5,24.0,52.01001599164475,0.00851435332064836,0.00037921062613881684
baseline,"baseline η=−1.0 [25,40]",-1.0,"[25,40]",12.5,24.16,52.00901687631604,0.0077074824023950295,0.0003497071475753522
baseline,"baseline η=−1.0 [25,40]",-1.0,"[25,40]",12.5,24.32,52.0081139797241,0.0069764980654042396,0.00032183174276814665
baseline,"baseline η=−1.0 [25,40]",-1.0,"[25,40]",12.5,24.48,52.00729831471888,0.006314655712131118,0.00029573852815643746
baseline,"baseline η=−1.0 [25,40]",-1.0,"[25,40]",12.5,24.64,52.00656168570904,0.005715859285299283,0.0002716092858279249
baseline,"baseline η=−1.0 [25,40]",-1.0,"[25,40]",12.5,24.8,52.00589662636873,0.0051742909180203965,0.0002489991963524019
baseline,"baseline η=−1.0 [25,40]",-1.0,"[25,40]",12.5,24.96,52.00529634072515,0.004684944598924745,0.00022805507483907524
baseline,"baseline η=−1.0 [25,40]",-1.0,"[25,40]",12.5,25.12,52.004754647902764,0.004242634986906199,0.0002085249610671499
baseline,"baseline η=−1.0 [25,40]",-1.0,"[25,40]",12.5,25.28,52.004265930987955,0.00384359088243627,0.00019049881338961867
baseline,"baseline η=−1.0 [25,40]",-1.0,"[25,40]",12.5,25.44,52.00382508967647,0.0034832355320495558,0.00017402372241741957
baseline,"baseline η=−1.0 [25,40]",-1.0,"[25,40]",12.5,25.6,52.00342749536875,0.00315839623735298,0.00015856939701762055
baseline,"baseline η=−1.0 [25,40]",-1.0,"[25,40]",12.5,25.76,52.003068950763826,0.002865409098503512,0.0001444084276990699
baseline,"baseline η=−1.0 [25,40]",-1.0,"[25,40]",12.5,25.92,52.002745651843505,0.0026015963459609234,0.00013146445615680013
baseline,"baseline η=−1.0 [25,40]",-1.0,"[25,40]",12.5,26.080000000000002,52.00245415308943,0.002363877635794504,0.00011954186936103286
baseline,"baseline η=−1.0 [25,40]",-1.0,"[25,40]",12.5,26.240000000000002,52.002191335195754,0.0021500807827142866,0.00010861152830455111
baseline,"baseline η=−1.0 [25,40]",-1.0,"[25,40]",12.5,26.400000000000002,52.001954375959876,0.001957723786102667,9.848985908781765e-05
baseline,"baseline η=−1.0 [25,40]",-1.0,"[25,40]",12.5,26.560000000000002,52.00174072286732,0.0017848435575020592,8.939927060448751e-05
baseline,"baseline η=−1.0 [25,40]",-1.0,"[25,40]",12.5,26.72,52.0015480685448,0.0016295637332116883,8.105250516623755e-05
baseline,"baseline η=−1.0 [25,40]",-1.0,"[25,40]",12.5,26.88,52.00137432808001,0.001490186154925245,7.33162898166306e-05
baseline,"baseline η=−1.0 [25,40]",-1.0,"[25,40]",12.5,27.04,52.00121761825768,0.0013651638400798047,6.637382104664817e-05
baseline,"baseline η=−1.0 [25,40]",-1.0,"[25,40]",12.5,27.2,52.001076238662776,0.0012531364967084064,6.004635150045869e-05
baseline,"baseline η=−1.0 [25,40]",-1.0,"[25,40]",12.5,27.36,52.00094865458628,0.001152858328526704,5.426266005556692e-05
baseline,"baseline η=−1.0 [25,40]",-1.0,"[25,40]",12.5,27.52,52.000833481179995,0.001063121398989603,4.8964009436001785e-05
baseline,"baseline η=−1.0 [25,40]",-1.0,"[25,40]",12.5,27.68,52.000729469287585,0.0009830370282249367,4.422225699850838e-05
baseline,"baseline η=−1.0 [25,40]",-1.0,"[25,40]",12.5,27.84,52.000635492464426,0.0009114870510475125,3.9912722836065465e-05
baseline,"baseline η=−1.0 [25,40]",-1.0,"[25,40]",12.5,28.0,52.000550535115984,0.0008478396529908354,3.593244884909913e-05
baseline,"baseline η=−1.0 [25,40]",-1.0,"[25,40]",12.5,28.16,52.00047368189521,0.0007910859461740607,3.2398983233239066e-05
baseline,"baseline η=−1.0 [25,40]",-1.0,"[25,40]",12.5,28.32,52.00040410794805,0.0007408731410334938,2.9187972430691753e-05
baseline,"baseline η=−1.0 [25,40]",-1.0,"[25,40]",12.5,28.48,52.000341070151904,0.0006961220878420835,2.625286223331971e-05
baseline,"baseline η=−1.0 [25,40]",-1.0,"[25,40]",12.5,28.64,52.00028389902561,0.0006568578095856187,2.3613326159551975e-05
baseline,"baseline η=−1.0 [25,40]",-1.0,"[25,40]",12.5,28.8,52.00023199181051,0.0006219170825996539,2.124892099634594e-05
baseline,"baseline η=−1.0 [25,40]",-1.0,"[25,40]",12.5,28.96,52.00018480548971,0.0005914790192153966,1.9091166029150495e-05
baseline,"baseline η=−1.0 [25,40]",-1.0,"[25,40]",12.5,29.12,52.00014185143919,0.0005646270545195845,1.713854192816089e-05
baseline,"baseline η=−1.0 [25,40]",-1.0,"[25,40]",12.5,29.28,52.00010268954502,0.0005412527648510699,1.540557921720132e-05
baseline,"baseline η=−1.0 [25,40]",-1.0,"[25,40]",12.5,29.44,52.000066923813854,0.0005210376818604337,1.3818324106730802e-05
baseline,"baseline η=−1.0 [25,40]",-1.0,"[25,40]",12.5,29.6,52.00003419783633,0.000503387560963119,1.2397955641569708e-05
baseline,"baseline η=−1.0 [25,40]",-1.0,"[25,40]",12.5,29.76,52.00000419078661,0.0004884938869380371,1.112349354188649e-05
baseline,"baseline η=−1.0 [25,40]",-1.0,"[25,40]",12.5,29.92,51.999976614206446,0.00047563518400828677,9.96792603694577e-06
baseline,"baseline η=−1.0 [25,40]",-1.0,"[25,40]",12.5,30.080000000000002,51.99995120834208,0.0004648517220272084,8.933490270876999e-06
baseline,"baseline η=−1.0 [25,40]",-1.0,"[25,40]",12.5,30.240000000000002,51.999927739714316,0.0004560609797056768,8.00493907245458e-06
baseline,"baseline η=−1.0 [25,40]",-1.0,"[25,40]",12.5,30.400000000000002,51.99990599830041,0.0004485452574890922,7.167062058488301e-06
baseline,"baseline η=−1.0 [25,40]",-1.0,"[25,40]",12.5,30.560000000000002,51.99988579497383,0.0004429170417768491,6.415546855648605e-06
baseline,"baseline η=−1.0 [25,40]",-1.0,"[25,40]",12.5,30.72,51.99986696001371,0.0004383596761424749,5.74533802618645e-06
baseline,"baseline η=−1.0 [25,40]",-1.0,"[25,40]",12.5,30.88,51.999849340344305,0.00043491285865122843,5.135509114989762e-06
baseline,"baseline η=−1.0 [25,40]",-1.0,"[25,40]",12.5,31.04,51.99983279847045,0.0004329534538857354,4.596036122386557e-06
baseline,"baseline η=−1.0 [25,40]",-1.0,"[25,40]",12.5,31.2,51.99981721090694,0.00043137744655186177,4.108980029966758e-06
baseline,"baseline η=−1.0 [25,40]",-1.0,"[25,40]",12.5,31.36,51.99980246617543,0.00043105091494370016,3.671152460800429e-06
baseline,"baseline η=−1.0 [25,40]",-1.0,"[25,40]",12.5,31.52,51.99978846467614,0.00043153012523713626,3.2852294534421744e-06
baseline,"baseline η=−1.0 [25,40]",-1.0,"[25,40]",12.5,31.68,51.99977511674973,0.0004322414869160069,2.931196996884676e-06
baseline,"baseline η=−1.0 [25,40]",-1.0,"[25,40]",12.5,31.84,51.999762341669985,0.00043412133261780796,2.6184245717442096e-06
baseline,"baseline η=−1.0 [25,40]",-1.0,"[25,40]",12.5,32.0,51.99975006753631,0.0004363517843453067,2.340345174740899e-06
baseline,"baseline η=−1.0 [25,40]",-1.0,"[25,40]",12.5,32.160000000000004,51.99973822915678,0.0004387301361381378,2.0870518134578254e-06
baseline,"baseline η=−1.0 [25,40]",-1.0,"[25,40]",12.5,32.32,51.99972676780855,0.0004422071185237405,1.8643728836750873e-06
baseline,"baseline η=−1.0 [25,40]",-1.0,"[25,40]",12.5,32.480000000000004,51.99971563114444,0.0004456031315560054,1.6640853775109852e-06
baseline,"baseline η=−1.0 [25,40]",-1.0,"[25,40]",12.5,32.64,51.9997047713946,0.0004492139729053283,1.4827751216570679e-06
baseline,"baseline η=−1.0 [25,40]",-1.0,"[25,40]",12.5,32.8,51.99969414596455,0.00045369189736050393,1.324523424492929e-06
baseline,"baseline η=−1.0 [25,40]",-1.0,"[25,40]",12.5,32.96,51.99968371725478,0.0004580077877353634,1.1806380539625757e-06
baseline,"baseline η=−1.0 [25,40]",-1.0,"[25,40]",12.5,33.12,51.99967345093572,0.0004624082123197577,1.0516882275887878e-06
baseline,"baseline η=−1.0 [25,40]",-1.0,"[25,40]",12.5,33.28,51.99966331637505,0.0004676331087721088,9.394694079368524e-07
baseline,"baseline η=−1.0 [25,40]",-1.0,"[25,40]",12.5,33.44,51.999653286362864,0.00047254962421715383,8.3555514511595e-07
baseline,"baseline η=−1.0 [25,40]",-1.0,"[25,40]",12.5,33.6,51.999643335538714,0.0004774459015483191,7.463256480506608e-07
baseline,"baseline η=−1.0 [25,40]",-1.0,"[25,40]",12.5,33.76,51.99963344131658,0.000483000731749912,6.644289925207991e-07
baseline,"baseline η=−1.0 [25,40]",-1.0,"[25,40]",12.5,33.92,51.99962358420532,0.0004884168379283779,5.91270840803675e-07
baseline,"baseline η=−1.0 [25,40]",-1.0,"[25,40]",12.5,34.08,51.99961374636921,0.0004935692114562887,5.28556168197101e-07
baseline,"baseline η=−1.0 [25,40]",-1.0,"[25,40]",12.5,34.24,51.99960391179241,0.0004993216327234412,4.688830124956331e-07
baseline,"baseline η=−1.0 [25,40]",-1.0,"[25,40]",12.5,34.4,51.99959406663146,0.0005050127081996759,4.198917564298559e-07
baseline,"baseline η=−1.0 [25,40]",-1.0,"[25,40]",12.5,34.56,51.99958419791981,0.0005102856994167022,3.7381106574948396e-07
baseline,"baseline η=−1.0 [25,40]",-1.0,"[25,40]",12.5,34.72,51.9995742938315,0.0005158758827007782,3.3191854547406643e-07
baseline,"baseline η=−1.0 [25,40]",-1.0,"[25,40]",12.5,34.88,51.99956434475459,0.0005217432333470713,2.9733229775663806e-07
baseline,"baseline η=−1.0 [25,40]",-1.0,"[25,40]",12.5,35.04,51.99955434238558,0.0005271630550560159,2.641156311729187e-07
baseline,"baseline η=−1.0 [25,40]",-1.0,"[25,40]",12.5,35.2,51.999544278753135,0.0005325436710861906,2.3406195747035975e-07
baseline,"baseline η=−1.0 [25,40]",-1.0,"[25,40]",12.5,35.36,51.999534147017854,0.0005382284966315222,2.1147275159475885e-07
baseline,"baseline η=−1.0 [25,40]",-1.0,"[25,40]",12.5,35.52,51.99952394164105,0.0005437131959448414,1.8683396327403264e-07
baseline,"baseline η=−1.0 [25,40]",-1.0,"[25,40]",12.5,35.68,51.99951365766193,0.0005488813859327395,1.6698927916946447e-07
baseline,"baseline η=−1.0 [25,40]",-1.0,"[25,40]",12.5,35.84,51.99950329087392,0.000554256097466282,1.5212249004397967e-07
baseline,"baseline η=−1.0 [25,40]",-1.0,"[25,40]",12.5,36.0,51.9994928381841,0.0005597076758409365,1.3397462764811489e-07
gap19p5,"R1 gap19.5 η=−1.0 [32,40]",-1.0,"[32,40]",19.5,0.0,52.99999999996728,2.0804153537731386e-07,0.34895729113954277
gap19p5,"R1 gap19.5 η=−1.0 [32,40]",-1.0,"[32,40]",19.5,0.8,52.99997516171089,1.4085195449367999e-07,0.00034528175953996523
gap19p5,"R1 gap19.5 η=−1.0 [32,40]",-1.0,"[32,40]",19.5,1.6,52.99995100195239,1.1610394180539081e-07,1.9750445299725656e-06
gap19p5,"R1 gap19.5 η=−1.0 [32,40]",-1.0,"[32,40]",19.5,2.4,52.999927293956965,1.1556780819750614e-07,3.244311260012934e-06
gap19p5,"R1 gap19.5 η=−1.0 [32,40]",-1.0,"[32,40]",19.5,3.2,52.99990385460012,1.803435756465272e-07,3.818511924942265e-06
gap19p5,"R1 gap19.5 η=−1.0 [32,40]",-1.0,"[32,40]",19.5,4.0,52.99988048392785,4.2878259666369626e-07,3.913864306296558e-06
gap19p5,"R1 gap19.5 η=−1.0 [32,40]",-1.0,"[32,40]",19.5,4.8,52.999856930697796,8.814868110195862e-07,3.650416847541794e-06
gap19p5,"R1 gap19.5 η=−1.0 [32,40]",-1.0,"[32,40]",19.5,5.6000000000000005,52.99983303666977,1.213459178985814e-06,2.9889666633289816e-06
gap19p5,"R1 gap19.5 η=−1.0 [32,40]",-1.0,"[32,40]",19.5,6.4,52.99980894804076,1.1974707409840394e-06,2.1181149358579798e-06
gap19p5,"R1 gap19.5 η=−1.0 [32,40]",-1.0,"[32,40]",19.5,7.2,52.999784896215886,9.58065718420846e-07,1.3503596893561805e-06
gap19p5,"R1 gap19.5 η=−1.0 [32,40]",-1.0,"[32,40]",19.5,8.0,52.99976097335848,6.596527679055422e-07,8.212129565643458e-07
gap19p5,"R1 gap19.5 η=−1.0 [32,40]",-1.0,"[32,40]",19.5,8.8,52.9997371660168,4.265063229661553e-07,4.940529969385816e-07
gap19p5,"R1 gap19.5 η=−1.0 [32,40]",-1.0,"[32,40]",19.5,9.6,52.99971340741425,2.887096354728977e-07,2.9010825900235267e-07
gap19p5,"R1 gap19.5 η=−1.0 [32,40]",-1.0,"[32,40]",19.5,10.4,52.99968968366696,2.402335795333025e-07,1.6462990021668336e-07
gap19p5,"R1 gap19.5 η=−1.0 [32,40]",-1.0,"[32,40]",19.5,11.200000000000001,52.999665996955095,8.425082513647858e-07,9.514366752673777e-08
gap19p5,"R1 gap19.5 η=−1.0 [32,40]",-1.0,"[32,40]",19.5,12.0,52.999641337181515,1.772658428456935e-05,7.470994335698605e-08
gap19p5,"R1 gap19.5 η=−1.0 [32,40]",-1.0,"[32,40]",19.5,12.8,52.99959326991317,0.0003336354478041103,1.1105239615736956e-07
gap19p5,"R1 gap19.5 η=−1.0 [32,40]",-1.0,"[32,40]",19.5,13.6,52.999187738074674,0.0035298010096504345,7.490504107936021e-07
gap19p5,"R1 gap19.5 η=−1.0 [32,40]",-1.0,"[32,40]",19.5,14.4,52.99600081420282,0.01840268043955108,9.566177166296324e-06
gap19p5,"R1 gap19.5 η=−1.0 [32,40]",-1.0,"[32,40]",19.5,15.200000000000001,52.981812691789386,0.05588172998760307,9.856322050301897e-05
gap19p5,"R1 gap19.5 η=−1.0 [32,40]",-1.0,"[32,40]",19.5,16.0,52.94253498134241,0.11355604451714318,0.0005579638407560413
gap19p5,"R1 gap19.5 η=−1.0 [32,40]",-1.0,"[32,40]",19.5,16.8,52.86718301457497,0.17172689613241515,0.0018966824834740247
gap19p5,"R1 gap19.5 η=−1.0 [32,40]",-1.0,"[32,40]",19.5,17.6,52.75754527504982,0.20952355471619216,0.004353421278620255
gap19p5,"R1 gap19.5 η=−1.0 [32,40]",-1.0,"[32,40]",19.5,18.400000000000002,52.62752035529203,0.21853699220819547,0.007391386839977144
gap19p5,"R1 gap19.5 η=−1.0 [32,40]",-1.0,"[32,40]",19.5,19.2,52.49483943688705,0.20294126509955523,0.009985996448431964
gap19p5,"R1 gap19.5 η=−1.0 [32,40]",-1.0,"[32,40]",19.5,20.0,52.373772784162895,0.1726018255481114,0.011380294895942314
gap19p5,"R1 gap19.5 η=−1.0 [32,40]",-1.0,"[32,40]",19.5,20.8,52.27229192626912,0.13716970419547497,0.011472624745796575
gap19p5,"R1 gap19.5 η=−1.0 [32,40]",-1.0,"[32,40]",19.5,21.6,52.19262224055576,0.10340440611812932,0.010600168840032372
gap19p5,"R1 gap19.5 η=−1.0 [32,40]",-1.0,"[32,40]",19.5,22.400000000000002,52.13318938881453,0.0748026347530133,0.00923056005694128
gap19p5,"R1 gap19.5 η=−1.0 [32,40]",-1.0,"[32,40]",19.5,23.2,52.09058935916084,0.05240312055811492,0.007720446907880835
gap19p5,"R1 gap19.5 η=−1.0 [32,40]",-1.0,"[32,40]",19.5,24.0,52.06099461974106,0.03579910127910865,0.006276825333641323
gap19p5,"R1 gap19.5 η=−1.0 [32,40]",-1.0,"[32,40]",19.5,24.8,52.04093069657058,0.02398539459328679,0.004994517067321832
gap19p5,"R1 gap19.5 η=−1.0 [32,40]",-1.0,"[32,40]",19.5,25.6,52.02758433017576,0.01582922134949427,0.003899896547303811
gap19p5,"R1 gap19.5 η=−1.0 [32,40]",-1.0,"[32,40]",19.5,26.400000000000002,52.01883585153952,0.010328620915186125,0.0029899524996748
gap19p5,"R1 gap19.5 η=−1.0 [32,40]",-1.0,"[32,40]",19.5,27.2,52.01316541247018,0.006682012402358748,0.0022479654055850623
gap19p5,"R1 gap19.5 η=−1.0 [32,40]",-1.0,"[32,40]",19.5,28.0,52.00952106624734,0.004294801923292031,0.0016610114656287532
gap19p5,"R1 gap19.5 η=−1.0 [32,40]",-1.0,"[32,40]",19.5,28.8,52.007193397730866,0.0027487966754066342,0.001204551163203985
gap19p5,"R1 gap19.5 η=−1.0 [32,40]",-1.0,"[32,40]",19.5,29.6,52.0057132460856,0.0017550336155714669,0.0008605898175823579
gap19p5,"R1 gap19.5 η=−1.0 [32,40]",-1.0,"[32,40]",19.5,30.400000000000002,52.004774741413655,0.0011191145183861073,0.0006046280114774835
gap19p5,"R1 gap19.5 η=−1.0 [32,40]",-1.0,"[32,40]",19.5,31.2,52.00418059717256,0.0007139501649377636,0.0004194269263648674
gap19p5,"R1 gap19.5 η=−1.0 [32,40]",-1.0,"[32,40]",19.5,32.0,52.00380456833261,0.0004577631667414329,0.00028725760844856444
gap19p5,"R1 gap19.5 η=−1.0 [32,40]",-1.0,"[32,40]",19.5,32.8,52.00356610516092,0.0002961101711770239,0.00019503281630003705
gap19p5,"R1 gap19.5 η=−1.0 [32,40]",-1.0,"[32,40]",19.5,33.6,52.00341370604539,0.00019246416590990956,0.0001309119437100328
gap19p5,"R1 gap19.5 η=−1.0 [32,40]",-1.0,"[32,40]",19.5,34.4,52.00331377975477,0.0001313914037854768,8.72180841701934e-05
gap19p5,"R1 gap19.5 η=−1.0 [32,40]",-1.0,"[32,40]",19.5,35.2,52.003243591262105,0.0001106849500384317,5.781581815446571e-05
gap19p5,"R1 gap19.5 η=−1.0 [32,40]",-1.0,"[32,40]",19.5,36.0,52.0031866086184,9.536962534604293e-05,3.849955865789157e-05
eta0p4,"R2 weak η=−0.4 [25,40]",-0.4,"[25,40]",12.5,0.0,52.99999999996728,7.03919913488922e-05,0.34895729113954277
eta0p4,"R2 weak η=−0.4 [25,40]",-0.4,"[25,40]",12.5,0.8,52.99997169473428,6.688512779279349e-05,0.000345281756635063
eta0p4,"R2 weak η=−0.4 [25,40]",-0.4,"[25,40]",12.5,1.6,52.999944646860754,6.389451199693241e-05,1.967943160894436e-06
eta0p4,"R2 weak η=−0.4 [25,40]",-0.4,"[25,40]",12.5,2.4,52.999918440684915,6.150987166470371e-05,3.2055156100546397e-06
eta0p4,"R2 weak η=−0.4 [25,40]",-0.4,"[25,40]",12.5,3.2,52.999892697515655,6.0159995803925495e-05,3.6529674767009924e-06
eta0p4,"R2 weak η=−0.4 [25,40]",-0.4,"[25,40]",12.5,4.0,52.99986705515512,5.946727510783943e-05,3.451004737258298e-06
eta0p4,"R2 weak η=−0.4 [25,40]",-0.4,"[25,40]",12.5,4.8,52.9998413336685,5.872906947955861e-05,2.8645914824761895e-06
eta0p4,"R2 weak η=−0.4 [25,40]",-0.4,"[25,40]",12.5,5.6000000000000005,52.999815599858614,5.794987601146897e-05,2.128836576526538e-06
eta0p4,"R2 weak η=−0.4 [25,40]",-0.4,"[25,40]",12.5,6.4,52.99978995861707,5.750003717627227e-05,1.406268934547027e-06
eta0p4,"R2 weak η=−0.4 [25,40]",-0.4,"[25,40]",12.5,7.2,52.99976437350766,5.750479855411969e-05,8.104074226739925e-07
eta0p4,"R2 weak η=−0.4 [25,40]",-0.4,"[25,40]",12.5,8.0,52.999738747121064,5.790375212964196e-05,4.144421718435805e-07
eta0p4,"R2 weak η=−0.4 [25,40]",-0.4,"[25,40]",12.5,8.8,52.999713049130676,5.865137477852612e-05,1.8964828634628804e-07
eta0p4,"R2 weak η=−0.4 [25,40]",-0.4,"[25,40]",12.5,9.6,52.99968728994744,6.049087127355754e-05,7.389490860418751e-08
eta0p4,"R2 weak η=−0.4 [25,40]",-0.4,"[25,40]",12.5,10.4,52.99966121441542,9.554808051223208e-05,3.0117915774766037e-08
eta0p4,"R2 weak η=−0.4 [25,40]",-0.4,"[25,40]",12.5,11.200000000000001,52.999626037074115,0.0009088060616405981,2.381044944953164e-08
eta0p4,"R2 weak η=−0.4 [25,40]",-0.4,"[25,40]",12.5,12.0,52.99941213386372,0.009823499359948779,3.338051556823598e-08
eta0p4,"R2 weak η=−0.4 [25,40]",-0.4,"[25,40]",12.5,12.8,52.99750000854067,0.04985435118826416,1.0783341553677625e-07
eta0p4,"R2 weak η=−0.4 [25,40]",-0.4,"[25,40]",12.5,13.6,52.987718059008834,0.14176833805088657,1.256475713178768e-06
eta0p4,"R2 weak η=−0.4 [25,40]",-0.4,"[25,40]",12.5,14.4,52.95758533144997,0.2678503201329114,1.6648120826819213e-05
eta0p4,"R2 weak η=−0.4 [25,40]",-0.4,"[25,40]",12.5,15.200000000000001,52.89482487897335,0.3803064452872558,0.0001808640077676894
eta0p4,"R2 weak η=−0.4 [25,40]",-0.4,"[25,40]",12.5,16.0,52.79768020701801,0.44172163818206944,0.0010954106929087328
eta0p4,"R2 weak η=−0.4 [25,40]",-0.4,"[25,40]",12.5,16.8,52.677426618373175,0.4454037784744103,0.004044036732637729
eta0p4,"R2 weak η=−0.4 [25,40]",-0.4,"[25,40]",12.5,17.6,52.55136853341369,0.40679997738977275,0.010196736736757908
eta0p4,"R2 weak η=−0.4 [25,40]",-0.4,"[25,40]",12.5,18.400000000000002,52.43423530885735,0.34710091771808793,0.019185383701153795
eta0p4,"R2 weak η=−0.4 [25,40]",-0.4,"[25,40]",12.5,19.2,52.33410910000351,0.282819910770898,0.028856275970751653
eta0p4,"R2 weak η=−0.4 [25,40]",-0.4,"[25,40]",12.5,20.0,52.253043629857466,0.22326543209461663,0.036610969967229574
eta0p4,"R2 weak η=−0.4 [25,40]",-0.4,"[25,40]",12.5,20.8,52.18959466103931,0.17221981609677273,0.040844812714854524
eta0p4,"R2 weak η=−0.4 [25,40]",-0.4,"[25,40]",12.5,21.6,52.14101842669834,0.13036248622748695,0.041393712861568656
eta0p4,"R2 weak η=−0.4 [25,40]",-0.4,"[25,40]",12.5,22.400000000000002,52.10445930664933,0.09700119501650166,0.0390500038267923
eta0p4,"R2 weak η=−0.4 [25,40]",-0.4,"[25,40]",12.5,23.2,52.07738130900309,0.07098709014789163,0.03492190381287504
eta0p4,"R2 weak η=−0.4 [25,40]",-0.4,"[25,40]",12.5,24.0,52.05765013335431,0.05110694846790512,0.029985521172023088
eta0p4,"R2 weak η=−0.4 [25,40]",-0.4,"[25,40]",12.5,24.8,52.043509276836055,0.03622713385860179,0.024927305565839896
eta0p4,"R2 weak η=−0.4 [25,40]",-0.4,"[25,40]",12.5,25.6,52.03353941442209,0.02531434061635656,0.020166234282474337
eta0p4,"R2 weak η=−0.4 [25,40]",-0.4,"[25,40]",12.5,26.400000000000002,52.02661859941056,0.01746989385535481,0.015930294122587202
eta0p4,"R2 weak η=−0.4 [25,40]",-0.4,"[25,40]",12.5,27.2,52.0218821072914,0.011940346067878088,0.012318135664883904
eta0p4,"R2 weak η=−0.4 [25,40]",-0.4,"[25,40]",12.5,28.0,52.018680799008195,0.008111685276746251,0.009340747940211135
eta0p4,"R2 weak η=−0.4 [25,40]",-0.4,"[25,40]",12.5,28.8,52.016539647746285,0.005505437628640637,0.0069608176407083035
eta0p4,"R2 weak η=−0.4 [25,40]",-0.4,"[25,40]",12.5,29.6,52.01511910307565,0.0037613437730741562,0.005105699895594362
eta0p4,"R2 weak η=−0.4 [25,40]",-0.4,"[25,40]",12.5,30.400000000000002,52.01418145511984,0.0026138030468951996,0.0036931219203448894
eta0p4,"R2 weak η=−0.4 [25,40]",-0.4,"[25,40]",12.5,31.2,52.01356310682651,0.0018765141842358682,0.002637629434858504
eta0p4,"R2 weak η=−0.4 [25,40]",-0.4,"[25,40]",12.5,32.0,52.01315259079812,0.001422914068905958,0.0018628331814849214
eta0p4,"R2 weak η=−0.4 [25,40]",-0.4,"[25,40]",12.5,32.8,52.01287374524133,0.0011674459523581327,0.0013030737918681013
eta0p4,"R2 weak η=−0.4 [25,40]",-0.4,"[25,40]",12.5,33.6,52.01267295269078,0.001056743184525227,0.0009040802910477357
eta0p4,"R2 weak η=−0.4 [25,40]",-0.4,"[25,40]",12.5,34.4,52.01250985605466,0.0010782005818155698,0.0006229356763621521
eta0p4,"R2 weak η=−0.4 [25,40]",-0.4,"[25,40]",12.5,35.2,52.01235113222623,0.001198879085470084,0.0004265866907686433
eta0p4,"R2 weak η=−0.4 [25,40]",-0.4,"[25,40]",12.5,36.0,52.01216712033493,0.0014229979312024468,0.0002935846329262792
eta2p0,"R3 strong η=−2.0 [25,40]",-2.0,"[25,40]",12.5,0.0,52.99999999996728,7.03919913488922e-05,0.34895729113954277
eta2p0,"R3 strong η=−2.0 [25,40]",-2.0,"[25,40]",12.5,0.8,52.99996240177668,5.739831075165735e-05,0.00034528348882581223
eta2p0,"R3 strong η=−2.0 [25,40]",-2.0,"[25,40]",12.5,1.6,52.999931401547826,4.995726547898029e-05,1.9535525212054096e-06
eta2p0,"R3 strong η=−2.0 [25,40]",-2.0,"[25,40]",12.5,2.4,52.999902669685504,4.479557081159274e-05,3.1425958941932323e-06
eta2p0,"R3 strong η=−2.0 [25,40]",-2.0,"[25,40]",12.5,3.2,52.99987473012264,4.167179384523967e-05,3.3955067837085334e-06
eta2p0,"R3 strong η=−2.0 [25,40]",-2.0,"[25,40]",12.5,4.0,52.999846867566994,3.9962712473696524e-05,2.8252823210911768e-06
eta2p0,"R3 strong η=−2.0 [25,40]",-2.0,"[25,40]",12.5,4.8,52.99981893345653,3.8852035667893837e-05,1.9141225825063855e-06
eta2p0,"R3 strong η=−2.0 [25,40]",-2.0,"[25,40]",12.5,5.6000000000000005,52.99979107809848,3.815132263818917e-05,1.0979887289809902e-06
eta2p0,"R3 strong η=−2.0 [25,40]",-2.0,"[25,40]",12.5,6.4,52.99976337054161,3.795592139525054e-05,5.484379661174866e-07
eta2p0,"R3 strong η=−2.0 [25,40]",-2.0,"[25,40]",12.5,7.2,52.999735732463165,3.8248178984386506e-05,2.465112239788437e-07
eta2p0,"R3 strong η=−2.0 [25,40]",-2.0,"[25,40]",12.5,8.0,52.99970803117441,3.888364653086134e-05,1.0479589306653514e-07
eta2p0,"R3 strong η=−2.0 [25,40]",-2.0,"[25,40]",12.5,8.8,52.99968017137067,3.974787785934604e-05,4.4232265285430076e-08
eta2p0,"R3 strong η=−2.0 [25,40]",-2.0,"[25,40]",12.5,9.6,52.999652097015,4.148853093900573e-05,2.0428289185621598e-08
eta2p0,"R3 strong η=−2.0 [25,40]",-2.0,"[25,40]",12.5,10.4,52.999622767049885,7.450740130188418e-05,1.3523042497400815e-08
eta2p0,"R3 strong η=−2.0 [25,40]",-2.0,"[25,40]",12.5,11.200000000000001,52.99955728821477,0.0008640143424878733,1.3694362308031606e-08
eta2p0,"R3 strong η=−2.0 [25,40]",-2.0,"[25,40]",12.5,12.0,52.99881501640893,0.009247011521084222,1.4803862032806031e-08
eta2p0,"R3 strong η=−2.0 [25,40]",-2.0,"[25,40]",12.5,12.8,52.99242389795445,0.04479578142891679,1.5588851294156835e-08
eta2p0,"R3 strong η=−2.0 [25,40]",-2.0,"[25,40]",12.5,13.6,52.9643861812222,0.11846829103952297,2.016235674768952e-08
eta2p0,"R3 strong η=−2.0 [25,40]",-2.0,"[25,40]",12.5,14.4,52.8926767075938,0.20297422433207243,5.40038051380929e-08
eta2p0,"R3 strong η=−2.0 [25,40]",-2.0,"[25,40]",12.5,15.200000000000001,52.77047877099129,0.2560194397748625,3.5972851849207043e-07
eta2p0,"R3 strong η=−2.0 [25,40]",-2.0,"[25,40]",12.5,16.0,52.61600180330795,0.26009915616574036,1.4753786931431032e-06
eta2p0,"R3 strong η=−2.0 [25,40]",-2.0,"[25,40]",12.5,16.8,52.458655518557066,0.226737781489044,3.744843036151879e-06
eta2p0,"R3 strong η=−2.0 [25,40]",-2.0,"[25,40]",12.5,17.6,52.32147032443187,0.17701976908119096,6.404439548328962e-06
eta2p0,"R3 strong η=−2.0 [25,40]",-2.0,"[25,40]",12.5,18.400000000000002,52.214596767920554,0.12757856744546936,8.017569725345258e-06
eta2p0,"R3 strong η=−2.0 [25,40]",-2.0,"[25,40]",12.5,19.2,52.13789889753427,0.08675038812816092,7.916559870489142e-06
eta2p0,"R3 strong η=−2.0 [25,40]",-2.0,"[25,40]",12.5,20.0,52.08606668211863,0.05654548016531949,6.5425287415446485e-06
eta2p0,"R3 strong η=−2.0 [25,40]",-2.0,"[25,40]",12.5,20.8,52.05254451717622,0.03574733932640273,4.741684153329335e-06
eta2p0,"R3 strong η=−2.0 [25,40]",-2.0,"[25,40]",12.5,21.6,52.03154671549779,0.022111504651401992,3.098126340510807e-06
eta2p0,"R3 strong η=−2.0 [25,40]",-2.0,"[25,40]",12.5,22.400000000000002,52.018694178675574,0.013473648491218317,1.8783705727992582e-06
eta2p0,"R3 strong η=−2.0 [25,40]",-2.0,"[25,40]",12.5,23.2,52.01095538460417,0.008134737755963297,1.0771908770461077e-06
eta2p0,"R3 strong η=−2.0 [25,40]",-2.0,"[25,40]",12.5,24.0,52.006347999362106,0.004893542765705666,5.948047470715721e-07
eta2p0,"R3 strong η=−2.0 [25,40]",-2.0,"[25,40]",12.5,24.8,52.00362441187575,0.002952739422091232,3.388968643060057e-07
eta2p0,"R3 strong η=−2.0 [25,40]",-2.0,"[25,40]",12.5,25.6,52.00201980262164,0.0018047217111936374,2.0560885561755936e-07
eta2p0,"R3 strong η=−2.0 [25,40]",-2.0,"[25,40]",12.5,26.400000000000002,52.00107377671435,0.0011341122553521021,1.341328724810967e-07
eta2p0,"R3 strong η=−2.0 [25,40]",-2.0,"[25,40]",12.5,27.2,52.00051261667423,0.0007485086168145175,9.772525776909728e-08
eta2p0,"R3 strong η=−2.0 [25,40]",-2.0,"[25,40]",12.5,28.0,52.00017495555035,0.000532819598127529,7.545679198868286e-08
eta2p0,"R3 strong η=−2.0 [25,40]",-2.0,"[25,40]",12.5,28.8,51.99996617492986,0.00041791024551343566,5.292823437195881e-08
eta2p0,"R3 strong η=−2.0 [25,40]",-2.0,"[25,40]",12.5,29.6,51.99983094229769,0.00036256267041850666,3.553473558823666e-08
eta2p0,"R3 strong η=−2.0 [25,40]",-2.0,"[25,40]",12.5,30.400000000000002,51.99973694817478,0.0003419787511509854,2.2688900953828234e-08
eta2p0,"R3 strong η=−2.0 [25,40]",-2.0,"[25,40]",12.5,31.2,51.999665402126226,0.0003411918986417303,1.4688614091731135e-08
eta2p0,"R3 strong η=−2.0 [25,40]",-2.0,"[25,40]",12.5,32.0,51.99960546243893,0.00035172472980205617,1.0231006734977709e-08
eta2p0,"R3 strong η=−2.0 [25,40]",-2.0,"[25,40]",12.5,32.8,51.99955091007911,0.0003684157229794969,6.81393994468473e-09
eta2p0,"R3 strong η=−2.0 [25,40]",-2.0,"[25,40]",12.5,33.6,51.999498163143265,0.00038814073249576286,4.551816794119e-09
eta2p0,"R3 strong η=−2.0 [25,40]",-2.0,"[25,40]",12.5,34.4,51.99944516256474,0.0004084663944508626,3.159760517505738e-09
eta2p0,"R3 strong η=−2.0 [25,40]",-2.0,"[25,40]",12.5,35.2,51.999390799890975,0.00042770437553211164,2.340262507132694e-09
eta2p0,"R3 strong η=−2.0 [25,40]",-2.0,"[25,40]",12.5,36.0,51.9993346143102,0.0004448840101918381,1.993822600441137e-09
