kpoint_index,state_index,eigenvalue_ev_old,eigenvalue_ev_new,delta_ev
0,0,-47.220427558720644,-47.186367080536535,0.0340604781841094
0,1,-47.21664511308923,-47.1847789894553,0.03186612363392527
0,2,-47.216517175411134,-47.18684831232655,0.02966886308458072
0,3,-47.21743507134222,-47.181961333568744,0.035473737773479286
0,4,-47.21391438333359,-47.18937571819352,0.024538665140070748
0,5,-47.2137959938999,-47.1926015344154,0.02119445948449794
0,6,-47.21474364623669,-47.19406745433198,0.020676191904712482
0,7,-47.21194500409049,-47.193623240338745,0.018321763751742992
0,8,-47.210777326309895,-47.20013850717307,0.01063881913682252
0,9,-47.21071577796352,-47.209699409938096,0.0010163680254251517
0,10,-47.21158360752871,-47.202153827812104,0.009429779716604969
0,11,-47.209202709552834,-47.21229094460011,-0.0030882350472793973
0,12,-47.20928564953975,-47.20310383703154,0.006181812508209816
0,13,-47.20929958453364,-47.20606517973321,0.003234404800430468
0,14,-47.2101061241145,-47.203513116607105,0.0065930075073978855
0,15,-47.210217692958985,-47.20358232469068,0.006635368268305797
0,16,-47.210319396146396,-47.201802846839165,0.008516549307231003
0,17,-47.20853857936652,-47.20804044602203,0.000498133344486007
0,18,-47.208376337995844,-47.2022458112246,0.006130526771244149
0,19,-47.20911823993825,-47.20885112556252,0.0002671143757311256
0,20,-47.207723515898095,-47.20408806440022,0.0036354514978782504
0,21,-47.20755470490776,-47.20631573865148,0.0012389662562739545
0,22,-47.20836326786824,-47.206388585517,0.001974682351246315
0,23,-47.20694517058502,-47.20944117109859,-0.0024960005135667984
0,24,-47.20680957525793,-47.19979443519179,0.007015140066137349
0,25,-47.207628543152374,-47.20605613626873,0.001572406883646238
0,26,-47.20601157025599,-47.20203138058793,0.0039801896680558
0,27,-47.20616534087368,-47.21244955884837,-0.006284217974688033
0,28,-47.20596601981529,-47.20990120279581,-0.003935182980519869
0,29,-47.205819485381134,-47.209178983664614,-0.0033594982834799225
0,30,-47.205537572533544,-47.2157573154567,-0.010219742923155195
0,31,-47.20690938922683,-47.211399992688996,-0.004490603462166121
0,32,-47.2058093832212,-47.217798271900534,-0.011988888679333343
0,33,-47.20617193513409,-47.20683019529785,-0.0006582601637603602
0,34,-47.205247019157056,-47.21914511079815,-0.013898091641095789
0,35,-47.20500761495937,-47.21459606981951,-0.009588454860136153
0,36,-47.20510377070596,-47.21529526956259,-0.010191498856627845
0,37,-47.20517653576044,-47.218596462643866,-0.013419926883429412
0,38,-47.20525802193415,-47.22110623173302,-0.01584820979886814
0,39,-47.20569109932742,-47.217640501338586,-0.011949402011168786
0,40,-47.206026738079146,-47.21839219349312,-0.0123654554139776
0,41,-47.205404088136,-47.21791841459513,-0.012514326459132974
0,42,-47.2060474692656,-47.2186202189585,-0.012572749692900231
0,43,-47.20570590608188,-47.218690955499646,-0.012985049417764571
0,44,-47.205962093346955,-47.216704552821206,-0.01074245947425112
0,45,-47.20607066841295,-47.21757101772612,-0.011500349313173786
0,46,-47.20327968001363,-47.21985065424845,-0.016570974234817015
0,47,-47.20190268825483,-47.21953168619903,-0.017628997944200364
0,48,-47.20174425436745,-47.21696408253759,-0.015219828170138783
0,49,-47.20268061563584,-47.22123563016785,-0.018555014532005032
0,50,-47.2001374938567,-47.215584769120994,-0.015447275264293125
0,51,-47.19997967147584,-47.21565008873557,-0.015670417259734393
0,52,-47.201003016214976,-47.2147637623865,-0.013760746171520566
0,53,-47.19777603127603,-47.212206044706576,-0.014430013430548172
0,54,-3.9760663201890214,-3.9759604676259737,0.00010585256304773694
0,55,-3.459564549734741,-3.4544817211110814,0.005082828623659719
0,56,-3.459744489991473,-3.4595357734723082,0.0002087165191646534
0,57,-3.460280974578526,-3.465256259510831,-0.004975284932305257
0,58,-2.9474149275175394,-2.9421917249796308,0.005223202537908644
0,59,-2.9476095774921665,-2.947295058567941,0.00031451892422529326
0,60,-2.948135607603183,-2.9534107769744162,-0.005275169371233179
0,61,-2.4319524523556666,-2.431896451337434,5.60010182324433e-05
0,62,-2.4171653224420595,-2.4118235985075542,0.005341723934505271
0,63,-2.417368931643833,-2.417106491275172,0.0002624403686608545
0,64,-2.417891310139901,-2.4232886057636156,-0.005397295623714715
0,65,-1.9252888323411468,-1.9285098323995198,-0.0032210000583730025
0,66,-1.9250121349180542,-1.9205751422384734,0.0044369926795808645
0,67,-1.925226315962672,-1.918860464726679,0.006365851235992981
0,68,-1.9256632649413905,-1.931999473602806,-0.006336208661415599
0,69,-1.926016015874193,-1.9303746339300172,-0.004358618055824159
0,70,-1.925700692978045,-1.9220221741679213,0.003678518810123599
0,71,-1.4096503397826996,-1.4133173354924065,-0.003666995709706855
0,72,-1.4094825379712557,-1.4093919579041,9.058006715556566e-05
0,73,-1.4098154893841501,-1.4059366811117233,0.0038788082724268147
0,74,-1.0136942202099268,-1.0080153155240024,0.0056789046859244685
0,75,-1.0139289825981863,-1.0135372052501306,0.00039177734805573294
0,76,-1.0143954246892402,-1.0203034361316266,-0.005908011442386396
0,77,-0.8354607795137523,-0.8388911435586189,-0.0034303640448666295
0,78,-0.8352676528691322,-0.8352503529753993,1.7299893732891647e-05
0,79,-0.8356227825261894,-0.8319567414015449,0.0036660411246445257
0,80,-0.44353420284588346,-0.44555324035900506,-0.002019037513121602
0,81,-0.4432678124019931,-0.44260379938864386,0.0006640130133492295
0,82,-0.443686350347919,-0.4406852420288103,0.0030011083191086585
0,83,-0.42631996205697836,-0.42834621495843217,-0.0020262529014538067
0,84,-0.42614963531392713,-0.4213468086757871,0.004802826638140023
0,85,-0.42632075312785767,-0.4205389130079796,0.00578184011987809
0,86,-0.42676082961234857,-0.43317550334982824,-0.00641467373747967
0,87,-0.4270277797429837,-0.43176709498306065,-0.0047393152400769245
0,88,-0.4268033096574788,-0.4251325000822908,0.0016708095751880037
0,89,-0.1683146054582142,-0.16848853380411652,-0.00017392834590232442
0,90,-0.16867473669143784,0.0836285421183784,0.25230327880981623
0,91,-0.1281622446872946,0.07792517282731021,0.2060874175146048
0,92,0.07770262030929875,0.07092723255298096,-0.006775387756317794
0,93,0.07709871714140376,0.18140516280021923,0.10430644565881547
0,94,0.49972607665761193,0.4966112901758546,-0.0031147864817573367
0,95,0.49929760666793005,0.6217285132942063,0.12243090662627626
0,96,0.6223329775115951,1.1485035427519998,0.5261705652404047
0,97,1.1462971677644234,1.150210971685604,0.00391380392118057
0,98,1.1758206546848002,1.1999256325069994,0.024104977822199114
0,99,1.2762828743711754,1.3755591872011625,0.09927631282998717
0,100,1.6610077860029653,1.772572873688143,0.1115650876851777
1,0,-47.22039221437296,-47.18658820543871,0.033804008934247065
1,1,-47.21682349101576,-47.18429483414387,0.03252865687188944
1,2,-47.21651692458121,-47.18676797368857,0.02974895089263896
1,3,-47.21714559159452,-47.182113266062196,0.03503232553232749
1,4,-47.21412180410654,-47.188402670264516,0.025719133842024178
1,5,-47.213817399829956,-47.19538914298504,0.01842825684491345
1,6,-47.21445453079285,-47.19427534274648,0.0201791880463702
1,7,-47.2120225904105,-47.191936666497654,0.020085923912844805
1,8,-47.2109576113935,-47.19954896217168,0.01140864922182061
1,9,-47.210743283618605,-47.212503605739656,-0.0017603221210507058
1,10,-47.21125253010683,-47.20008320600343,0.011169324103406097
1,11,-47.2098293245321,-47.20991389297001,-8.45684379058298e-05
1,12,-47.209169123160024,-47.20251431870412,0.006654804455905605
1,13,-47.20920099950959,-47.20752464381506,0.0016763556945278424
1,14,-47.210232110328306,-47.201570240836794,0.008661869491511709
1,15,-47.20954796310911,-47.20271483960613,0.006833123502978822
1,16,-47.210220837436026,-47.20507235014166,0.005148487294363235
1,17,-47.208701038711816,-47.20990638883922,-0.0012053501274067457
1,18,-47.20846247767961,-47.20163593518182,0.006826542497790911
1,19,-47.208929360846064,-47.207591247168146,0.001338113677917363
1,20,-47.20794676909395,-47.2018088942903,0.006137874803648913
1,21,-47.2075605010397,-47.2091034683126,-0.0015429672728970445
1,22,-47.20825782197969,-47.20662773255212,0.0016300894275715905
1,23,-47.20691566348677,-47.20879792939196,-0.001882265905194913
1,24,-47.20686362548397,-47.19975201863312,0.007111606850848773
1,25,-47.2072350873367,-47.20905882441189,-0.0018237370751919002
1,26,-47.20607757397297,-47.20703029690669,-0.0009527229337180643
1,27,-47.20613946630202,-47.20476161506886,0.001377851233158367
1,28,-47.20636210949152,-47.21300515521572,-0.006643045724196384
1,29,-47.20606758447389,-47.20847904716427,-0.002411462690375288
1,30,-47.20562070128857,-47.21427164645586,-0.008650945167296697
1,31,-47.20638264300195,-47.2079239137788,-0.0015412707768476253
1,32,-47.20559205276125,-47.21134925218632,-0.005757199425069359
1,33,-47.206356163175585,-47.21360101936821,-0.007244856192627935
1,34,-47.20548567313684,-47.2171645407394,-0.011678867602554988
1,35,-47.205085573940394,-47.218460973596834,-0.013375399656439413
1,36,-47.205310679062386,-47.21437095796215,-0.009060278899767127
1,37,-47.205221188592745,-47.21863056598717,-0.013409377394424382
1,38,-47.205250198269574,-47.21775123875277,-0.012501040483194004
1,39,-47.20573865824489,-47.21882289349017,-0.01308423524528024
1,40,-47.20593280384319,-47.21975498543247,-0.013822181589283389
1,41,-47.20560537324694,-47.22295221669202,-0.017346843445082527
1,42,-47.20570333962747,-47.218037670543026,-0.012334330915557246
1,43,-47.20595579757614,-47.21848314519679,-0.012527347620654439
1,44,-47.205391984634936,-47.21862782395809,-0.01323583932315131
1,45,-47.205989917190486,-47.21880858498462,-0.012818667794135763
1,46,-47.20328172561599,-47.216970772712685,-0.013689047096697493
1,47,-47.20212093863378,-47.21874272815606,-0.016621789522275776
1,48,-47.201727524120365,-47.21640938584752,-0.01468186172715491
1,49,-47.20246987547132,-47.219915877880574,-0.017446002409251093
1,50,-47.200359064355936,-47.214142013305135,-0.01378294894919918
1,51,-47.19991133193944,-47.21576720132529,-0.015855869385852372
1,52,-47.20084370862495,-47.21636001900555,-0.015516310380597531
1,53,-47.19775664773021,-47.21198923726226,-0.014232589532049644
1,54,-3.9760555170899563,-3.9759480269815484,0.00010749010840793716
1,55,-3.4594252697846435,-3.4541584036192114,0.005266866165432038
1,56,-3.4597808072233605,-3.4607369165705,-0.0009561093471397442
1,57,-3.4603702554003,-3.464383407636111,-0.004013152235810669
1,58,-2.947279078754809,-2.9420806060881017,0.0051984726667071435
1,59,-2.947648585063173,-2.9485124433892924,-0.0008638583261193489
1,60,-2.9482204224142037,-2.95228273985199,-0.004062317437786511
1,61,-2.4319441091077976,-2.4318544349878795,8.967411991811503e-05
1,62,-2.4170260659699974,-2.4118164453647077,0.005209620605289622
1,63,-2.4174022853670123,-2.4183080199515232,-0.000905734584510931
1,64,-2.4179706361568543,-2.4220443347913,-0.004073698634445844
1,65,-1.9249230572068374,-1.9204485203640933,0.004474536842744126
1,66,-1.9254436426995405,-1.9242674307020329,0.0011762119975076146
1,67,-1.9251621699816306,-1.9216198255251544,0.0035423444564761652
1,68,-1.9257940791193973,-1.9298544339081272,-0.004060354788729903
1,69,-1.925523666836505,-1.92647377990358,-0.0009501130670750424
1,70,-1.9260778449118274,-1.9297945554142844,-0.0037167105024569214
1,71,-1.4094086139934632,-1.4095767339908465,-0.00016811999738330918
1,72,-1.4099626596108348,-1.4095084331954069,0.0004542264154279163
1,73,-1.4096007421745136,-1.409663880148867,-6.313797435342217e-05
1,74,-1.0135470184432644,-1.0087524262858802,0.004794592157384203
1,75,-1.0140289265845213,-1.0144077917548584,-0.0003788651703371393
1,76,-1.0143933567214298,-1.0185034735342462,-0.004110116812816367
1,77,-0.8352098215057631,-0.8353483981188555,-0.00013857661309246705
1,78,-0.8357479696112678,-0.8353562313620476,0.00039173824922023037
1,79,-0.8353985959470347,-0.835458721803821,-6.012585678627502e-05
1,80,-0.4437046241244852,-0.4428400414893167,0.000864582635168476
1,81,-0.44362817859528375,-0.44243478740319203,0.0011933911920917195
1,82,-0.44150398229514565,-0.44312340743750644,-0.0016194251423607975
1,83,-0.42601962513690755,-0.42238377355047985,0.0036358515864277074
1,84,-0.4265384333219397,-0.42529759445973253,0.0012408388622071609
1,85,-0.4262833751438574,-0.4229757529128371,0.0033076222310202685
1,86,-0.4267121714380095,-0.43133331174910455,-0.004621140311095062
1,87,-0.42665997229867264,-0.4267488156982672,-8.884339959458476e-05
1,88,-0.4271032622515032,-0.4315270974586099,-0.004423835207106708
1,89,-0.1684047196334406,-0.16621742825008004,0.0021872913833605734
1,90,-0.16873024990247748,-0.1687450089826147,-1.475908013723326e-05
1,91,-0.1686115875049372,-0.17101535773313598,-0.002403770228198765
1,92,0.07790427199196033,0.08167614428687202,0.003771872294911688
1,93,0.07748183901516183,0.07551025596599797,-0.0019715830491638525
1,94,0.07700463726654827,0.07711695364083619,0.0001123163742879213
1,95,0.4996251410750911,0.5013921887444653,0.0017670476693742443
1,96,0.49945805660630943,0.49734848311504143,-0.002109573491268002
1,97,0.6592345386381105,0.6219528720285472,-0.037281666609563335
1,98,1.1509794990853548,1.1498878309621618,-0.001091668123192946
1,99,1.6489566437731724,1.1607184348799928,-0.4882382088931796
1,100,1.5972762113481662,1.3025287428528332,-0.29474746849533306
2,0,-47.220400847990696,-47.18465991953668,0.03574092845401822
2,1,-47.216096375211656,-47.18753073160394,0.028565643607713298
2,2,-47.21706523388462,-47.18620630045921,0.030858933425406576
2,3,-47.21738661559297,-47.18030391069226,0.03708270490071186
2,4,-47.21342007467951,-47.18925466858696,0.0241654060925498
2,5,-47.214293041624906,-47.19225846428579,0.02203457733911307
2,6,-47.214731211776055,-47.192918704558735,0.02181250721731942
2,7,-47.21199766330638,-47.192817794836024,0.0191798684703528
2,8,-47.21018507962384,-47.202163091327726,0.008021988296114557
2,9,-47.21121417004692,-47.213678480621425,-0.0024643105745028038
2,10,-47.21152341245764,-47.200789575478204,0.01073383697943342
2,11,-47.208791718082296,-47.2099757603435,-0.001184042261201057
2,12,-47.20936978080823,-47.20967908578881,-0.00030930498057557543
2,13,-47.21045366042798,-47.20186487666191,0.008588783766072083
2,14,-47.21000592309167,-47.203408099867964,0.0065978232237071666
2,15,-47.20951434994655,-47.20200913926777,0.007505210678779406
2,16,-47.21037127691582,-47.202490344810236,0.007880932105585714
2,17,-47.20802945983165,-47.21010016451669,-0.0020707046850390043
2,18,-47.208990420117296,-47.201086840301194,0.007903579816101569
2,19,-47.20913930125488,-47.20563201371681,0.0035072875380706137
2,20,-47.207072145376785,-47.202612096031096,0.004460049345688333
2,21,-47.207932981510126,-47.20799146158549,-5.848007536712885e-05
2,22,-47.20840908485018,-47.20856552633265,-0.00015644148246707346
2,23,-47.206569712266464,-47.207266297222006,-0.0006965849555413683
2,24,-47.20737594519868,-47.19931596774337,0.00805997745531073
2,25,-47.20758290846741,-47.208634788975594,-0.0010518805081858318
2,26,-47.205662561915084,-47.204434975257534,0.0012275866575492955
2,27,-47.20586251929868,-47.20850462601292,-0.0026421067142408106
2,28,-47.20622019495482,-47.21449356263522,-0.008273367680402544
2,29,-47.20534852761897,-47.20819955743185,-0.002851029812873662
2,30,-47.20614221213716,-47.21215697420749,-0.006014762070329027
2,31,-47.2064950575521,-47.2104338523742,-0.003938794822104796
2,32,-47.2059170831029,-47.213114110450356,-0.007197027347459084
2,33,-47.206557840465734,-47.21132717116326,-0.004769330697527607
2,34,-47.20482746020088,-47.22131361969747,-0.01648615949658705
2,35,-47.20493470172909,-47.21753177634085,-0.012597074611761627
2,36,-47.20532762770179,-47.21336101804223,-0.008033390340436597
2,37,-47.20543820815226,-47.22017194215426,-0.014733734002000176
2,38,-47.20582626112978,-47.217833829988216,-0.012007568858436457
2,39,-47.206186699724775,-47.21720559683543,-0.011018897110652404
2,40,-47.205484283159905,-47.21835777610322,-0.012873492943313636
2,41,-47.20538887636781,-47.21917874051748,-0.013789864149664766
2,42,-47.20552191572993,-47.21829845304006,-0.012776537310131175
2,43,-47.20545627696145,-47.218006441169464,-0.012550164208015246
2,44,-47.206148983000276,-47.21673866906298,-0.010589686062701276
2,45,-47.20601961974241,-47.21831084498998,-0.012291225247565762
2,46,-47.20327256665604,-47.220048861822626,-0.016776295166586408
2,47,-47.201472389475256,-47.217721398475035,-0.01624900899977888
2,48,-47.20219265600609,-47.22046304723561,-0.01827039122952101
2,49,-47.20261396112291,-47.21972981769752,-0.017115856574612565
2,50,-47.1996223459086,-47.21519402438118,-0.015571678472575456
2,51,-47.200506064409566,-47.215834508143054,-0.015328443733487518
2,52,-47.20094495912674,-47.21486970272118,-0.013924743594444067
2,53,-47.197746631042875,-47.212032435040236,-0.014285803997360347
2,54,-3.9760557060715094,-3.975957791243004,9.791482850518562e-05
2,55,-3.459086853011502,-3.4498209971761047,0.009265855835397296
2,56,-3.460052603998924,-3.4659557257672677,-0.005903121768343844
2,57,-3.46043627822379,-3.4635516193343454,-0.0031153411105555584
2,58,-2.946946222632883,-2.937554564775081,0.009391657857801938
2,59,-2.9479100080958074,-2.9539086373871943,-0.005998629291386948
2,60,-2.9482926251487385,-2.9514320159848078,-0.003139390836069289
2,61,-2.431945672694022,-2.4318202979010053,0.0001253747930167748
2,62,-2.4166956632283316,-2.407216550445894,0.009479112782437404
2,63,-2.4176566579542293,-2.42371225029845,-0.006055592344220706
2,64,-2.4180482453143806,-2.4212185182839367,-0.003170272969556187
2,65,-1.9246609065306923,-1.9211514847253466,0.003509421805345747
2,66,-1.9252799987691345,-1.9141115726044577,0.011168426164676726
2,67,-1.9254605949751014,-1.9204685171439357,0.00499207783116562
2,68,-1.9252545282383975,-1.9293862104323447,-0.004131682193947217
2,69,-1.92594080813008,-1.9365667955132941,-0.010625987383214186
2,70,-1.926322212315664,-1.9307955101295904,-0.004473297813926358
2,71,-1.4095511885395384,-1.4109085854596484,-0.0013573969201099434
2,72,-1.409628837551177,-1.4120853339768582,-0.0024564964256812427
2,73,-1.4097876142444115,-1.4057289074879316,0.004058706756479902
2,74,-1.013283511449439,-1.0039452591766302,0.009338252272808711
2,75,-1.0141668122805139,-1.019991479525271,-0.0058246672447570536
2,76,-1.0145273916965454,-1.0177325015997234,-0.003205109903178016
2,77,-0.835355189550462,-0.837142094442947,-0.0017869048924850084
2,78,-0.8354402815453841,-0.8368088709433005,-0.0013685893979163977
2,79,-0.8355575641822756,-0.831749783040107,0.0038077811421685093
2,80,-0.44344131803166864,-0.44381369967083223,-0.00037238163916358813
2,81,-0.4435375791022025,-0.4457325644105065,-0.0021949853083040316
2,82,-0.4435050034532761,-0.4406805029043554,0.0028245005489206942
2,83,-0.42633313695130315,-0.41854414730080497,0.007788989650498179
2,84,-0.4264005947233082,-0.421868569765202,0.004532024958106229
2,85,-0.42628812380219977,-0.431013235447351,-0.004725111645151214
2,86,-0.42691092226315575,-0.4349858602669494,-0.008074938003793664
2,87,-0.4272156769822529,-0.4334611062792151,-0.006245429296962202
2,88,-0.42522131740474595,-0.16552375905133912,0.2596975583534068
2,89,-0.16846097340159513,-0.16613420703067272,0.002326766370922412
2,90,-0.16870652622564988,-0.17389435834599595,-0.00518783212034607
2,91,-0.13025829988721294,0.0878870709125271,0.21814537079974003
2,92,0.07820210605231653,0.07113251544127898,-0.0070695906110375545
2,93,0.07727806849277202,0.07360448927978078,-0.003673579212991246
2,94,0.0768987395646159,0.5020123749346901,0.4251136353700742
2,95,0.49949043482310995,0.497877268473715,-0.0016131663493949566
2,96,0.4991747093569734,0.6231639211478054,0.123989211790832
2,97,1.1218501947931363,0.9948708339219631,-0.12697936087117323
2,98,1.1657029316135994,1.1523680725449146,-0.013334859068684812
2,99,1.422186118642327,1.1491305289366447,-0.27305558970568233
2,100,3.0721947241373218,1.4113043196063062,-1.6608904045310156
3,0,-47.22036504826645,-47.18631515391891,0.03404989434753958
3,1,-47.21654305325633,-47.184628763541355,0.03191428971497601
3,2,-47.216813245707606,-47.186867565818815,0.029945679888790266
3,3,-47.21712246005794,-47.18189176925927,0.035230690798663034
3,4,-47.21380625037017,-47.19080113419976,0.02300511617040968
3,5,-47.21406737152651,-47.19085976052599,0.023207611000522377
3,6,-47.21443205059999,-47.189365908741294,0.02506614185869438
3,7,-47.21201764659224,-47.19674319639749,0.01527445019474527
3,8,-47.21072787158522,-47.199822956433216,0.01090491515200398
3,9,-47.21104690394766,-47.212837842964035,-0.001790939016373727
3,10,-47.21129932658928,-47.20344806174164,0.007851264847637651
3,11,-47.20933934066474,-47.211000814972955,-0.0016614743082143946
3,12,-47.20934601155268,-47.201920646623066,0.007425364929616762
3,13,-47.20958213422291,-47.20280862746442,0.006773506758491976
3,14,-47.20975054985739,-47.205378955834625,0.004371594022764214
3,15,-47.21009103490286,-47.20377225381584,0.006318781087017555
3,16,-47.21005106627559,-47.20302081259083,0.007030253684760623
3,17,-47.20835372020371,-47.20312978566661,0.00522393453709924
3,18,-47.208623220108336,-47.20739229726409,0.0012309228442433096
3,19,-47.20887548757594,-47.20858724901059,0.00028823856534643255
3,20,-47.207691041415046,-47.20104100137274,0.006650040042309513
3,21,-47.207951173560225,-47.207732439926644,0.00021873363358082543
3,22,-47.208270447344255,-47.20818799520199,8.245214226576536e-05
3,23,-47.2067904343272,-47.209842234751726,-0.003051800424522355
3,24,-47.20706787402263,-47.19719195812059,0.00987591590203607
3,25,-47.20718591692312,-47.20619578422512,0.000990132697999968
3,26,-47.20597397845133,-47.20787920595854,-0.0019052275072084512
3,27,-47.20617964042532,-47.20750463665286,-0.0013249962275381222
3,28,-47.20611321296827,-47.209666230963684,-0.0035530179954150753
3,29,-47.20583121538034,-47.211817254625934,-0.005986039245591712
3,30,-47.2057848663905,-47.21620655831711,-0.010421691926609356
3,31,-47.20620145671478,-47.20888212246485,-0.002680665750069977
3,32,-47.20607485679877,-47.216061413486266,-0.00998655668749393
3,33,-47.20622268779998,-47.215070077993296,-0.00884739019331704
3,34,-47.205454575069375,-47.211773940054236,-0.006319364984861409
3,35,-47.20516854988689,-47.21539800511571,-0.01022945522881713
3,36,-47.20512602174194,-47.21661378205557,-0.01148776031362786
3,37,-47.20542525274378,-47.21668310101493,-0.01125784827114984
3,38,-47.2055271206311,-47.21631049811231,-0.010783377481203615
3,39,-47.20600425545603,-47.21932044918699,-0.013316193730958048
3,40,-47.20582761077481,-47.22026604367303,-0.014438432898217002
3,41,-47.2057592301533,-47.2231678006101,-0.017408570456801442
3,42,-47.20516459180735,-47.21806999642987,-0.012905404622514993
3,43,-47.20519263398743,-47.21860577904536,-0.013413145057931786
3,44,-47.20604609719812,-47.2174068805477,-0.011360783349580572
3,45,-47.205888982665144,-47.21883314193552,-0.012944159270375621
3,46,-47.203305053680275,-47.21787415662943,-0.014569102949153034
3,47,-47.20179373334972,-47.21931852738093,-0.017524794031210433
3,48,-47.20207219377526,-47.21629491678655,-0.014222723011293681
3,49,-47.20248750552684,-47.218912401843674,-0.016424896316834747
3,50,-47.19997523349792,-47.214143580271454,-0.014168346773530516
3,51,-47.20023286394009,-47.216369079584915,-0.0161362156448277
3,52,-47.20076886095328,-47.216477079650645,-0.015708218697362497
3,53,-47.197724054117614,-47.21184546922552,-0.01412141510790832
3,54,-3.9760453381181304,-3.975942368502406,0.00010296961572464625
3,55,-3.4594385266129937,-3.4559569790948848,0.0034815475181089184
3,56,-3.459863470916066,-3.4594164809362535,0.00044698997981251765
3,57,-3.4602570982349046,-3.4638791411933676,-0.003622042958463023
3,58,-2.947298662956816,-2.9438577262072556,0.003440936749560475
3,59,-2.947726363067071,-2.9472915986089134,0.0004347644581574883
3,60,-2.948113565462453,-2.9517331036645684,-0.0036195382021153577
3,61,-2.4319420646343795,-2.431888025461183,5.403917319624085e-05
3,62,-2.417048519062391,-2.413586320588697,0.0034621984736942224
3,63,-2.4174620355170107,-2.4170970476495786,0.0003649878674321094
3,64,-2.4178707998043305,-2.421491263121688,-0.0036204633173575473
3,65,-1.9251611849586734,-1.9216584049272516,0.0035027800314217927
3,66,-1.9252394723038926,-1.9212215047666492,0.004017967537243372
3,67,-1.925290537331952,-1.9216438404178786,0.0036466969140733774
3,68,-1.9255283565028856,-1.929058523033483,-0.003530166530597345
3,69,-1.9258396139224407,-1.9295400995690153,-0.0037004856465745473
3,70,-1.925858684259484,-1.9292306107792052,-0.00337192651972118
3,71,-1.4096408396660502,-1.4072884643556285,0.0023523753104217615
3,72,-1.409651883720061,-1.408393276974678,0.0012586067453828065
3,73,-1.409684565145621,-1.412987433630948,-0.003302868485327126
3,74,-1.013604188400957,-1.0102321757036354,0.003372012697321569
3,75,-1.0139925756812498,-1.013741763603786,0.0002508120774638023
3,76,-1.0143583179286315,-1.0178358217828716,-0.0034775038542400605
3,77,-0.8354334138838329,-0.8331594643018491,0.002273949581983792
3,78,-0.8354428299004439,-0.8344023953453553,0.0010404345550886207
3,79,-0.8354718092518363,-0.8385340781644189,-0.003062268912582655
3,80,-0.4434874854471366,-0.4410459018080956,0.0024415836390410117
3,81,-0.4434826911505566,-0.4422328154186227,0.0012498757319339138
3,82,-0.44350649430770184,-0.4453589416739811,-0.001852447366279264
3,83,-0.4262578102235128,-0.42311561110530366,0.0031421991182091213
3,84,-0.426224628162958,-0.4228438697111648,0.0033807584517931977
3,85,-0.42650467784771473,-0.4242916833404891,0.0022129945072256185
3,86,-0.4265501042808927,-0.42912240399227514,-0.002572299711382453
3,87,-0.4268521925173906,-0.4305694595541562,-0.0037172670367656147
3,88,-0.4269172943044771,-0.4303172785870932,-0.0033999842826160642
3,89,-0.1684341608794638,-0.16596523407261557,0.0024689268068482373
3,90,-0.16862124648767587,-0.1686001723149711,2.107417270477696e-05
3,91,-0.16870664470695354,-0.1711381460688309,-0.002431501361877364
3,92,0.07785719641292281,0.07978550540752498,0.001928308994602168
3,93,0.07749418709250044,0.07417154341198673,-0.003322643680513715
3,94,0.07705420411064846,0.15229313005066095,0.07523892594001248
3,95,0.49959376289772345,0.49874609606006043,-0.0008476668376630192
3,96,0.4994068113405036,0.5179845983498197,0.018577787009316116
3,97,0.49932105450494063,0.6218111913162914,0.12249013681135074
3,98,1.150730160998444,1.1500875618260153,-0.0006425991724285929
3,99,1.1761888683883026,1.187617173823175,0.011428305434872499
3,100,1.2810192684015658,1.267333766421047,-0.013685501980518877
4,0,-47.22039430473695,-47.18637350173252,0.03402080300443089
4,1,-47.21655726952833,-47.184674187788424,0.03188308173990606
4,2,-47.21684336111232,-47.186874958146454,0.02996840296586356
4,3,-47.217136754277774,-47.181923382729984,0.03521337154779047
4,4,-47.21381988758768,-47.190755959838654,0.023063927749028323
4,5,-47.21406743974137,-47.1908367989109,0.02323064083046944
4,6,-47.21444713217204,-47.18937576122343,0.02507137094860923
4,7,-47.21201714322676,-47.19676916610288,0.015247977123877376
4,8,-47.2107439746074,-47.19984807788378,0.010895896723617682
4,9,-47.21107559748805,-47.21283171105121,-0.001756113563160966
4,10,-47.21131530601626,-47.20349017313087,0.00782513288539377
4,11,-47.20935305289153,-47.210980477469676,-0.0016274245781460195
4,12,-47.209348712724406,-47.201947474281965,0.007401238442440672
4,13,-47.209596298391105,-47.20285805991114,0.006738238479968572
4,14,-47.20975600973986,-47.20543783889946,0.004318170840399205
4,15,-47.2100989900817,-47.203749036208286,0.006349953873410641
4,16,-47.21006670204072,-47.203018480721155,0.007048221319564618
4,17,-47.20835249133342,-47.203103896771154,0.005248594562267783
4,18,-47.20862225395991,-47.20740451151795,0.0012177424419590466
4,19,-47.208872654636345,-47.20855879394371,0.00031386069263561467
4,20,-47.20770752605243,-47.20093164079728,0.006775885255152048
4,21,-47.20794557967719,-47.20786257676421,8.300291298013462e-05
4,22,-47.20829340250589,-47.2082214850586,7.191744728629601e-05
4,23,-47.206787961337646,-47.20987376371938,-0.0030858023817330604
4,24,-47.20706509233023,-47.19719250943634,0.009872582893891035
4,25,-47.20718544119924,-47.206382751058904,0.0008026901403397346
4,26,-47.205969155707145,-47.20784441901025,-0.001875263303105612
4,27,-47.206183100478796,-47.20738254112251,-0.0011994406437167981
4,28,-47.20613141088079,-47.20961696417009,-0.003485553289294785
4,29,-47.20582134704622,-47.211797509068546,-0.005976162022328424
4,30,-47.20582361911153,-47.21619495420349,-0.010371335091960532
4,31,-47.20626060924281,-47.20890134654786,-0.0026407373050503224
4,32,-47.205993642071164,-47.215988760759025,-0.009995118687861293
4,33,-47.20621024453509,-47.21492567618758,-0.008715431652490224
4,34,-47.205449707039726,-47.212083826668945,-0.00663411962921856
4,35,-47.20519489357169,-47.21532522324241,-0.010130329670722915
4,36,-47.20504705709773,-47.2166308224749,-0.011583765377167765
4,37,-47.20550186848616,-47.21668959023176,-0.011187721745599788
4,38,-47.205528136060174,-47.21632762307442,-0.010799487014246267
4,39,-47.205952988983384,-47.21934573889208,-0.013392749908696544
4,40,-47.20586527644068,-47.22024777308869,-0.01438249664800395
4,41,-47.205789969460405,-47.22319433122243,-0.017404361762025644
4,42,-47.20520216954889,-47.21811371002199,-0.012911540473098171
4,43,-47.20520565002696,-47.21859747615889,-0.013391826131929463
4,44,-47.20607222092376,-47.21740679598968,-0.011334575065923502
4,45,-47.20591081263866,-47.21880573360196,-0.012894920963297807
4,46,-47.203303864501876,-47.21794187158206,-0.01463800708018681
4,47,-47.20180095179986,-47.21928414559412,-0.017483193794262775
4,48,-47.202085033765826,-47.21630975772151,-0.014224723955685192
4,49,-47.202496118265834,-47.21885357204975,-0.016357453783918174
4,50,-47.199999735578146,-47.21420497340272,-0.0142052378245765
4,51,-47.20024946898894,-47.21641764403521,-0.016168175046267663
4,52,-47.20078766269245,-47.21648633137612,-0.01569866868366887
4,53,-47.19775386789363,-47.21188615017286,-0.014132282279227582
4,54,-3.9760552788439294,-3.9759523995517485,0.00010287929218089076
4,55,-3.459443732237879,-3.455964368746583,0.0034793634912961835
4,56,-3.4598738447537447,-3.459417659706213,0.00045618504753175415
4,57,-3.4602599172925332,-3.463888671141495,-0.0036287538489618854
4,58,-2.9473007346808235,-2.9438590155418396,0.003441719138983945
4,59,-2.9477240808702834,-2.9472991151849395,0.0004249656853438921
4,60,-2.9481221396892523,-2.951733199463668,-0.0036110597744158923
4,61,-2.4319420644437013,-2.431887970309671,5.409413403034691e-05
4,62,-2.417049787591454,-2.413593620824175,0.003456166767279001
4,63,-2.4174729669991546,-2.417098415214478,0.0003745517846764912
4,64,-2.417874119117526,-2.421499430289725,-0.0036253111721991083
4,65,-1.9251749343449849,-1.9216606154050508,0.0035143189399340358
4,66,-1.9252329018788277,-1.9212220667077733,0.004010835171054383
4,67,-1.9253052856863542,-1.921650281877147,0.0036550038092071357
4,68,-1.9255249454647603,-1.9290642880517304,-0.0035393425869700845
4,69,-1.9258231317098002,-1.9295379836300073,-0.0037148519202070407
4,70,-1.9258699960210608,-1.9292261805661295,-0.0033561845450686967
4,71,-1.4096409268630679,-1.407289497938295,0.0023514289247728026
4,72,-1.4096519498321536,-1.4083924533546297,0.0012594964775238804
4,73,-1.4096845633097068,-1.4129875572446782,-0.0033029939349713544
4,74,-1.0136030031443148,-1.0102315795037247,0.0033714236405901765
4,75,-1.013990490003766,-1.0137443648393287,0.00024612516443722754
4,76,-1.0143655823912974,-1.0178352832891542,-0.003469700897856809
4,77,-0.8354381941649571,-0.8330619316825534,0.002376262482403746
4,78,-0.8354460129556268,-0.8343540052596725,0.0010920076959543001
4,79,-0.8354755844289717,-0.4410402046829042,0.3944353797460675
4,80,-0.44348733800030005,-0.4422400518447796,0.001247286155520444
4,81,-0.44348287650158075,-0.4453666087105538,-0.0018837322089730324
4,82,-0.4435060673058696,-0.4231239345069513,0.020382132798918318
4,83,-0.4262547757124303,-0.4228587714795692,0.0033960042328611273
4,84,-0.42622747123559523,-0.4242952216475359,0.0019322495880593205
4,85,-0.4264977656363841,-0.42912379356906954,-0.0026260279326854596
4,86,-0.4265553537198594,-0.43058322418899103,-0.004027870469131611
4,87,-0.4268606216687274,-0.430332023178702,-0.003471401509974603
4,88,-0.42691785215821665,-0.16899161804213472,0.25792623411608195
4,89,-0.16839842066281666,0.08134109654971751,0.24973951721253418
4,90,-0.16861914637651076,0.07772962988244142,0.24634877625895218
4,91,-0.14085931409954913,0.0734399051260437,0.21429921922559284
4,92,0.07782674478375218,0.4953066185450774,0.4174798737613252
4,93,0.07753099215479614,0.5084892917967179,0.4309582996419217
4,94,0.07706082110977769,0.6170786462280351,0.5400178251182575
4,95,0.4995946850417576,0.6280023360752787,0.1284076510335211
4,96,0.4994067068805306,1.137143225635609,0.6377365187550785
4,97,0.4993210348631199,1.1152607436538382,0.6159397087907184
4,98,0.6217605968922394,1.3427309789214223,0.720970382029183
4,99,1.148292328229407,1.4365043111894256,0.2882119829600185
4,100,1.2556036019051493,1.5300917722795941,0.27448817037444484
5,0,-47.22037171585936,-47.18461883874414,0.03575287711521469
5,1,-47.21612486059773,-47.18748518409283,0.028639676504901956
5,2,-47.21698400745801,-47.18619704262234,0.030786964835670005
5,3,-47.217381133826564,-47.180279660794646,0.037101473031917465
5,4,-47.213357323370545,-47.18923164448229,0.024125678888253788
5,5,-47.21434602028097,-47.19223188693926,0.02211413334170942
5,6,-47.214711660301425,-47.19292661685079,0.02178504345063459
5,7,-47.21199816199504,-47.192781910321365,0.0192162516736758
5,8,-47.210206459218725,-47.20217953832741,0.008026920891317957
5,9,-47.21113739892073,-47.21369396280168,-0.002556563880951046
5,10,-47.21151557935289,-47.20077449578483,0.010741083568063914
5,11,-47.20878953475468,-47.21004101568532,-0.0012514809306409802
5,12,-47.20935483121086,-47.20965255871504,-0.0002977275041828875
5,13,-47.210445888431025,-47.2018457338038,0.008600154627224299
5,14,-47.20980092032876,-47.203396813058156,0.0064041072706046975
5,15,-47.209699448089,-47.201954311238005,0.007745136850992651
5,16,-47.210360465485664,-47.20248447696323,0.007875988522435762
5,17,-47.208030762504656,-47.21009141905661,-0.0020606565519543096
5,18,-47.20899144904974,-47.20108151305273,0.007909935997012951
5,19,-47.209138709203685,-47.20554206851171,0.0035966406919740734
5,20,-47.20701821257468,-47.20264923807098,0.004368974503698553
5,21,-47.20797417427644,-47.20792876386553,4.5410410905333265e-05
5,22,-47.20839049645182,-47.20858977138827,-0.00019927493644900096
5,23,-47.206571795035224,-47.20723234097339,-0.000660545938167445
5,24,-47.20737521676783,-47.19938168167651,0.007993535091316062
5,25,-47.20758256294457,-47.20863170455081,-0.0010491416062379244
5,26,-47.205663669276184,-47.204477950129906,0.0011857191462780747
5,27,-47.20580955476722,-47.20843745748969,-0.0026279027224660467
5,28,-47.20623570475626,-47.214503340781555,-0.008267636025294678
5,29,-47.20539823561009,-47.208221177109785,-0.002822941499694309
5,30,-47.20604592330566,-47.21208118315134,-0.006035259845681651
5,31,-47.206542723820924,-47.210456689005206,-0.003913965184281665
5,32,-47.20593001964898,-47.21315141058405,-0.007221390935065131
5,33,-47.20657085699343,-47.21137637552414,-0.004805518530709207
5,34,-47.20480206007906,-47.22128345138076,-0.016481391301702786
5,35,-47.204916080141814,-47.21748077960133,-0.012564699459517215
5,36,-47.20536048360793,-47.213516680161476,-0.008156196553542827
5,37,-47.20542385171277,-47.220145872151235,-0.01472202043846238
5,38,-47.20583050250515,-47.21780035186217,-0.011969849357015505
5,39,-47.20598634133678,-47.21717776941224,-0.011191428075456145
5,40,-47.20575731929438,-47.21836125453853,-0.012603935244150932
5,41,-47.20532924191143,-47.21915410767838,-0.013824865766949301
5,42,-47.205510570672516,-47.2182753471679,-0.012764776495387764
5,43,-47.20538868171905,-47.21801575890813,-0.012627077189080183
5,44,-47.206132850060804,-47.21672696528112,-0.010594115220314393
5,45,-47.20598970697572,-47.21824053107839,-0.012250824102672198
5,46,-47.20327302611213,-47.22003719785021,-0.016764171738081757
5,47,-47.20140599342804,-47.21770350497113,-0.016297511543086785
5,48,-47.20225768373473,-47.220418457261346,-0.018160773526616936
5,49,-47.20258546779056,-47.21984529805578,-0.0172598302652176
5,50,-47.19966864165365,-47.21514495790774,-0.015476316254087408
5,51,-47.20040906119483,-47.21572906242566,-0.015320001230826108
5,52,-47.20093688471005,-47.214903551147394,-0.013966666437340791
5,53,-47.197717135630555,-47.21198723699489,-0.014270101364331822
5,54,-3.9760457604791717,-3.9759477868864255,9.797359274621442e-05
5,55,-3.4590793556802932,-3.449805362871005,0.009273992809288423
5,56,-3.460058178953288,-3.465958112832548,-0.005899933879260022
5,57,-3.460419811144963,-3.4635468196839416,-0.003127008538978515
5,58,-2.946946099205028,-2.9375609196547416,0.009385179550286171
5,59,-2.947900931937873,-2.953896902377199,-0.005995970439326204
5,60,-2.9482934581108777,-2.9514291386433293,-0.0031356805324516124
5,61,-2.4319456720996326,-2.4318276933340592,0.00011797876557340103
5,62,-2.4166907536538895,-2.407203631768018,0.009487121885871641
5,63,-2.417662388219425,-2.423716057774829,-0.006053669555404095
5,64,-2.4180318320014194,-2.4212124690282995,-0.0031806370268800954
5,65,-1.9246605050999523,-1.9211706617636968,0.0034898433362555714
5,66,-1.925278668555372,-1.9140792689489918,0.011199399606380167
5,67,-1.9252815794412033,-1.9204730721576209,0.004808507283582397
5,68,-1.925417906788475,-1.929381312008938,-0.003963405220463123
5,69,-1.9259447350917347,-1.9365450315010355,-0.010600296409300825
5,70,-1.9263222255645966,-1.9308150465827523,-0.004492821018155624
5,71,-1.4095511982369473,-1.4109082653443563,-0.0013570671074090157
5,72,-1.4096288402797796,-1.4120858597514265,-0.002457019471646893
5,73,-1.40978759833405,-1.405728978097688,0.004058620236361943
5,74,-1.0132857570341527,-1.0036953590113278,0.009590398022824909
5,75,-1.0141681137468723,-1.0199349861844553,-0.005766872437583004
5,76,-1.0145199053434113,-1.0177108171871672,-0.0031909118437558615
5,77,-0.8353522279007668,-0.8365955780963035,-0.0012433501955366744
5,78,-0.8354294944259709,-0.8378054482611118,-0.002375953835140887
5,79,-0.835559550761918,-0.8316861736289302,0.003873377132987854
5,80,-0.4434423886162204,-0.44381242547311817,-0.000370036856897793
5,81,-0.4435372329546779,-0.44573440840959816,-0.0021971754549202638
5,82,-0.443506219363798,-0.4406818022747514,0.002824417089046627
5,83,-0.4257812739873619,-0.42062851251554184,0.005152761471820033
5,84,-0.4263159333341652,-0.41708610354093945,0.00922982979322573
5,85,-0.42646816540531146,-0.42170839621840756,0.004759769186903906
5,86,-0.42644533815337704,-0.4310108243180085,-0.004565486164631483
5,87,-0.42699469445665744,-0.4349550768532619,-0.00796038239660446
5,88,-0.4273173652979771,-0.4334629137177521,-0.006145548419774993
5,89,-0.16833899146471926,-0.16552336270719073,0.0028156287575285266
5,90,-0.16853567519338553,-0.16613447710036688,0.0024011980930186416
5,91,-0.16885861294082272,-0.17389422187835507,-0.005035608937532354
5,92,0.07820211492726933,0.08788435997775289,0.009682245050483554
5,93,0.07727803623364642,0.07113088896594637,-0.006147147267700048
5,94,0.07689876701353035,0.07360948910695443,-0.0032892779065759187
5,95,0.49955929668310495,0.5019491336593889,0.002389836976283921
5,96,0.49947169499178434,0.49684961524408927,-0.002622079747695072
5,97,0.5184044146191575,0.6227630584984603,0.10435864387930271
5,98,0.6217508127063098,0.681755052175119,0.06000423946880917
5,99,1.1503615507944611,1.1519467370903076,0.0015851862958464746
5,100,1.2610807858101662,1.1580011888900987,-0.10307959692006752
6,0,-47.2203629598312,-47.18654059158526,0.03382236824593576
6,1,-47.21682038627033,-47.184257933619726,0.03256245265060187
6,2,-47.21650489916049,-47.18676094274583,0.029743956414662875
6,3,-47.21710226956527,-47.18207863790949,0.03502363165577549
6,4,-47.21410378414479,-47.18830989783502,0.02579388630977064
6,5,-47.21379015125472,-47.19522893096282,0.018561220291900327
6,6,-47.21447066512391,-47.194332056909,0.0201386082149142
6,7,-47.212023520278805,-47.19203763046028,0.019985889818528335
6,8,-47.21091707618273,-47.19958720346858,0.011329872714149758
6,9,-47.210768849945666,-47.21248429288766,-0.0017154429419932171
6,10,-47.21120353257834,-47.20009298980511,0.011110542773231202
6,11,-47.20981206087083,-47.20995067941695,-0.00013861854611718627
6,12,-47.209173249519935,-47.20247219411817,0.006701055401762801
6,13,-47.20918681140355,-47.20751586408361,0.0016709473199369995
6,14,-47.210216897875476,-47.201560542824176,0.00865635505130058
6,15,-47.20954923543326,-47.202730807585,0.006818427848259034
6,16,-47.21020570286191,-47.205081485666625,0.0051242171952878834
6,17,-47.20870178616696,-47.20990270480692,-0.001200918639959525
6,18,-47.20846211713445,-47.20162700049321,0.006835116641241257
6,19,-47.20893264721688,-47.20755468597598,0.0013779612409052788
6,20,-47.20790747644923,-47.201761324611006,0.006146151838223091
6,21,-47.20755364166556,-47.209087540092014,-0.0015338984264516853
6,22,-47.20827327234222,-47.20662436997255,0.0016489023696664162
6,23,-47.20691428538598,-47.20879839941559,-0.0018841140296146364
6,24,-47.20687175228665,-47.1997476506135,0.007124101673149141
6,25,-47.20723590634337,-47.20905167577011,-0.0018157694267415536
6,26,-47.2061040456332,-47.20706996283748,-0.0009659172042830733
6,27,-47.206447674017454,-47.20471968147501,0.0017279925424418252
6,28,-47.20598716182239,-47.213045099327424,-0.007057937505031475
6,29,-47.20606286067248,-47.208485735970086,-0.002422875297604321
6,30,-47.20558489119814,-47.214262722150856,-0.00867783095271335
6,31,-47.20640871186808,-47.207841716916604,-0.0014330050485256152
6,32,-47.20562226897844,-47.21132028121823,-0.005698012239790273
6,33,-47.206359958449944,-47.21359250409089,-0.007232545640945887
6,34,-47.20550463944448,-47.21722772277087,-0.011723083326394601
6,35,-47.20507511918485,-47.218484452231785,-0.013409333046936922
6,36,-47.20519596052633,-47.21438886783399,-0.009192907307657094
6,37,-47.20533539299957,-47.218601933391845,-0.01326654039227293
6,38,-47.205234161863316,-47.21753991744311,-0.01230575557979563
6,39,-47.20572483602123,-47.219024362669266,-0.013299526648033577
6,40,-47.20592266828128,-47.219746198192574,-0.013823529911292098
6,41,-47.20585122274827,-47.22295713713352,-0.017105914385247445
6,42,-47.20547667809202,-47.217931950297576,-0.012455272205556867
6,43,-47.205866364239796,-47.21852642137132,-0.012660057131526514
6,44,-47.205404368929756,-47.21868293514083,-0.013278566211077703
6,45,-47.20594996786725,-47.21878273586595,-0.012832767998702366
6,46,-47.20328251239758,-47.21697517837652,-0.013692665978943808
6,47,-47.20209611826415,-47.21869648908906,-0.016600370824910726
6,48,-47.20170914381428,-47.21638900021274,-0.014679856398466029
6,49,-47.20248353143042,-47.220007441051024,-0.017523909620607014
6,50,-47.200358631344685,-47.21403514272581,-0.01367651138112791
6,51,-47.19989709468664,-47.21575160489205,-0.015854510205407735
6,52,-47.20079913201474,-47.21635175642513,-0.015552624410389626
6,53,-47.19772691136269,-47.21194098462152,-0.014214073258827398
6,54,-3.9760455693342043,-3.9759378717717118,0.00010769756249251472
6,55,-3.4594247001491034,-3.454147895347652,0.00527680480145154
6,56,-3.459766942185942,-3.460729034332655,-0.0009620921467132781
6,57,-3.460366303115893,-3.4643835645061603,-0.004017261390267368
6,58,-2.947273261938869,-2.942081616897902,0.005191645040966808
6,59,-2.94765468778504,-2.948510849369334,-0.000856161584294135
6,60,-2.9482118057948674,-2.9522752640870573,-0.004063458292189903
6,61,-2.4319441131129516,-2.4318543383837192,8.97747292323281e-05
6,62,-2.4170275323692048,-2.4118057623513587,0.005221770017846072
6,63,-2.4173898798091744,-2.4183017737967956,-0.0009118939876211485
6,64,-2.417965978420371,-2.4220441885595414,-0.004078210139170313
6,65,-1.9249033401844025,-1.9204211818022185,0.0044821583821839095
6,66,-1.9254366638554952,-1.9242720060115508,0.0011646578439443722
6,67,-1.9251848163350558,-1.9216444161681738,0.003540400166881952
6,68,-1.925802298992428,-1.9298660110520056,-0.004063712059577673
6,69,-1.9255304900005985,-1.9264592149968094,-0.0009287249962108834
6,70,-1.9260535152658664,-1.9297853644122942,-0.003731849146427768
6,71,-1.4094086427109833,-1.409576482276982,-0.00016783956599875083
6,72,-1.409962597547535,-1.4095079489017042,0.0004546486458307797
6,73,-1.4096007469102934,-1.4096626984070952,-6.195149680188194e-05
6,74,-1.0135490071797768,-1.0087529935401525,0.004796013639624341
6,75,-1.0140328440318291,-1.0144056847246539,-0.0003728406928247274
6,76,-1.014383534125102,-1.0185007466251175,-0.00411721250001551
6,77,-0.8351958305205329,-0.8353434048737353,-0.00014757435320233991
6,78,-0.8357519937830312,-0.8353549008358062,0.00039709294722500843
6,79,-0.8353968767141381,-0.8354553815167748,-5.850480263669411e-05
6,80,-0.44326605941684405,-0.44283000714466964,0.0004360522721744142
6,81,-0.4433945539837595,-0.4424632917167532,0.0009312622670062942
6,82,-0.4259969360581856,-0.4433563928629474,-0.017359456804761808
6,83,-0.42654523956957985,-0.42133919906108175,0.0052060405084981
6,84,-0.4264673060798237,-0.42236273334324503,0.00410457273657866
6,85,-0.4268079393899379,-0.42728493640895765,-0.00047699701901976477
6,86,-0.4266089579353841,-0.4267749811224333,-0.00016602318704916907
6,87,-0.42698962813479063,-0.4314840447941371,-0.004494416659346467
6,88,-0.17008950250761684,-0.16621283019311678,0.0038766723145000626
6,89,-0.16871444783842282,-0.16875184036539337,-3.7392526970547735e-05
6,90,0.07768607201595656,-0.17109635561941022,-0.2487824276353668
6,91,0.07752588476415284,0.08296411649014802,0.005438231725995182
6,92,0.07699700330981023,0.07694632432664497,-5.0678983165255986e-05
6,93,0.4817057508899562,0.07283087348847442,-0.40887487740148176
6,94,0.49939940988870424,0.5019466651341361,0.0025472552454318675
6,95,-0.3323058448339357,0.49944121300521305,0.8317470578391488
6,96,0.6100418849316557,0.497054872007715,-0.1129870129239407
6,97,1.1639843818662832,1.1611620141982448,-0.002822367668038339
6,98,1.268028470409995,1.189777709663918,-0.07825076074607695
6,99,1.2768097368734037,-0.29553984638853914,-1.5723495832619427
6,100,1.1374363123528743,1.2661970686821282,0.12876075632925388
7,0,-47.220339921242726,-47.18620653211791,0.034133389124818336
7,1,-47.21658650729373,-47.184694417985504,0.03189208930822218
7,2,-47.21645872800821,-47.186756652292,0.02970207571621586
7,3,-47.2173762211169,-47.181917935720406,0.035458285396494205
7,4,-47.213885396580714,-47.18928128261118,0.024604113969537877
7,5,-47.21376699615445,-47.19249143865986,0.021275557494590203
7,6,-47.21471470851003,-47.194072376698685,0.020642331811345116
7,7,-47.21195048384952,-47.193695483906325,0.01825499994319557
7,8,-47.21071497575716,-47.20012095457205,0.010594021185113434
7,9,-47.21065324787006,-47.20970890772661,0.0009443401434552356
7,10,-47.21152081637792,-47.202124300826405,0.009396515551514995
7,11,-47.20917313888035,-47.212315061753515,-0.003141922873162173
7,12,-47.20925642540944,-47.20287622736105,0.006380198048390184
7,13,-47.20927115618971,-47.20618052186525,0.003090634324458108
7,14,-47.21007640396687,-47.20351695532444,0.006559448642434518
7,15,-47.210187010609935,-47.20355211016496,0.006634900444971947
7,16,-47.21028888889364,-47.201825874520225,0.008463014373418787
7,17,-47.208543345664765,-47.207999699417975,0.0005436462467898195
7,18,-47.208379476722584,-47.20218175601239,0.006197720710190424
7,19,-47.20912244998352,-47.208813814290664,0.00030863569285344283
7,20,-47.20769269110071,-47.20404393170567,0.003648759395041168
7,21,-47.20752345593901,-47.20632470670886,0.0011987492301486213
7,22,-47.20833039925112,-47.20632000293013,0.0020103963209905373
7,23,-47.206952104238354,-47.20946619820237,-0.002514093964016695
7,24,-47.20681296530332,-47.19974914888114,0.007063816422181901
7,25,-47.20763578621631,-47.20601284383403,0.0016229423822764488
7,26,-47.20600577460623,-47.202016953397205,0.003988821209027549
7,27,-47.206141406634956,-47.21241371910461,-0.006272312469654651
7,28,-47.20593208803842,-47.20993116777163,-0.003999079733205235
7,29,-47.20582821121528,-47.20916610950416,-0.003337898288883423
7,30,-47.2055361534192,-47.21578922327569,-0.010253069856489105
7,31,-47.206838991135456,-47.211433254915015,-0.004594263779559071
7,32,-47.20585964572023,-47.21771667909439,-0.01185703337415589
7,33,-47.206208135376194,-47.20683226675157,-0.000624131375374759
7,34,-47.205254480719994,-47.21917032729999,-0.013915846579998004
7,35,-47.2050250354053,-47.21468384047184,-0.009658805066543152
7,36,-47.20508208550762,-47.21525233747713,-0.010170251969512378
7,37,-47.20513749727169,-47.218625093750994,-0.01348759647930109
7,38,-47.20522861890013,-47.221048861978545,-0.015820243078415785
7,39,-47.20567349694344,-47.21766802618068,-0.01199452923724209
7,40,-47.206038191121685,-47.21838876185296,-0.01235057073127166
7,41,-47.2054272472437,-47.217928249052434,-0.01250100180873659
7,42,-47.20599004522006,-47.21857526215678,-0.012585216936720656
7,43,-47.205661669099975,-47.21864977346661,-0.012988104366634445
7,44,-47.2057814849986,-47.21664052772657,-0.010859042727965118
7,45,-47.205998576577414,-47.21752667441709,-0.011528097839672569
7,46,-47.203282025590774,-47.219783262211436,-0.016501236620662496
7,47,-47.201873557071536,-47.219499691475036,-0.017626134403499805
7,48,-47.20171516626387,-47.21691844174556,-0.015203275481695755
7,49,-47.20265192949967,-47.22120836298873,-0.018556433489059998
7,50,-47.20007805860263,-47.215622341012356,-0.015544282409727828
7,51,-47.19991994185525,-47.21555642455847,-0.015636482703222043
7,52,-47.20094295776112,-47.21467455210461,-0.013731594343489917
7,53,-47.19768701820594,-47.212064393955686,-0.014377375749745624
7,54,-3.9760364773706174,-3.9759307698841497,0.00010570748646765438
7,55,-3.459546165640965,-3.454463583494885,0.005082582146080039
7,56,-3.459726075114788,-3.4595176372994043,0.00020843781538371076
7,57,-3.460262580876137,-3.4652384257521307,-0.0049758448759935625
7,58,-2.9474065662556477,-2.942181750383139,0.005224815872508781
7,59,-2.94760121183882,-2.947285289978269,0.00031592186055107163
7,60,-2.94812725924172,-2.953402248337274,-0.005274989095553906
7,61,-2.4319524504293346,-2.431896240249323,5.621018001145117e-05
7,62,-2.417149746937827,-2.411807717326244,0.005342029611582699
7,63,-2.4173533558029714,-2.41709102757178,0.0002623282311913222
7,64,-2.4178757244636007,-2.4232726009669645,-0.0053968765033638455
7,65,-1.9252821638601292,-1.928503445094853,-0.0032212812347238717
7,66,-1.9250053558263707,-1.9205687948711228,0.004436560955247915
7,67,-1.925219691863749,-1.9188514642755556,0.0063682275881933315
7,68,-1.9256566103688337,-1.9319907415652433,-0.006334131196409576
7,69,-1.9260093527121689,-1.930365797317791,-0.004356444605622123
7,70,-1.9256940092804444,-1.9220151842269313,0.003678825053513135
7,71,-1.409650382937547,-1.4133170820381806,-0.0036666991006335525
7,72,-1.4094824796100567,-1.4093903258015479,9.215380850879917e-05
7,73,-1.4098155117534417,-1.405936912308295,0.00387859944514668
7,74,-1.0136901886382665,-1.0080094818127516,0.005680706825514914
7,75,-1.0139255353789882,-1.0135334110561465,0.00039212432284174703
7,76,-1.0143912387084597,-1.0202982634243771,-0.005907024715917419
7,77,-0.8354487879975697,-0.8352651379847931,0.00018365001277664827
7,78,-0.8352561021707837,-0.8319471120718782,0.0033089900989055065
7,79,-0.8356111003997324,-0.44555558936390366,0.39005551103582875
7,80,-0.4435327660899658,-0.4425455140763848,0.0009872520135809637
7,81,-0.4432700270184647,-0.44064600800197246,0.0026240190164922295
7,82,-0.44368660583365166,-0.4283455377033529,0.015341068130298785
7,83,-0.4263160934348541,-0.42133372629606397,0.004982367138790134
7,84,-0.42614585258055165,-0.42053403393544947,0.0056118186451021845
7,85,-0.4263168651675291,-0.4331492799634584,-0.006832414795929331
7,86,-0.4267566647515467,-0.4318166670189981,-0.005060002267451402
7,87,-0.4270241519487626,-0.42502271051586266,0.002001441432899931
7,88,-0.42679927338431944,-0.1655055730943845,0.2612937002899349
7,89,-0.16829748591298052,-0.16866882176955458,-0.0003713358565740621
7,90,-0.1687183049778455,-0.1714798101201333,-0.00276150514228779
7,91,-0.16866359689453483,0.08389059542845549,0.2525541923229903
7,92,0.07712508477098917,0.07156896227653761,-0.00555612249445156
7,93,0.1639925862439622,0.49969754851491743,0.33570496227095525
7,94,0.49969176096249357,0.4966189370224004,-0.0030728239400931723
7,95,0.49937171612873266,0.8660826486139885,0.3667109324852559
7,96,0.4397798921062709,1.1470659863389898,0.7072860942327189
7,97,0.6216985944146906,1.158244640442839,0.5365460460281485
7,98,1.1486269956586652,1.2383942527600975,0.0897672571014323
7,99,1.1489691547631857,1.284350996397892,0.13538184163470635
7,100,1.28726149944473,1.621130593381103,0.3338690939363731
