run,t_au,N_free,N_slab,N_total
b1_eta0p50,0.0000,97.2159,64.7841,162.0000
b1_eta0p50,0.4600,97.2184,52.1531,149.3715
b1_eta0p50,0.9200,97.2190,43.0767,140.2957
b1_eta0p50,1.3800,97.2050,36.4485,133.6535
b1_eta0p50,1.8400,97.1635,31.5217,128.6853
b1_eta0p50,2.3000,97.0826,27.7910,124.8736
b1_eta0p50,2.7600,96.9520,24.9122,121.8642
b1_eta0p50,3.2200,96.7638,22.6495,119.4133
b1_eta0p50,3.6800,96.5131,20.8397,117.3529
b1_eta0p50,4.1400,96.1972,19.3695,115.5666
b1_eta0p50,4.6000,95.8149,18.1592,113.9740
b1_eta0p50,5.0600,95.3660,17.1533,112.5193
b1_eta0p50,5.5200,94.8510,16.3128,111.1638
b1_eta0p50,5.9800,94.2702,15.6103,109.8805
b1_eta0p50,6.4400,93.6240,15.0262,108.6502
b1_eta0p50,6.9000,92.9128,14.5461,107.4589
b1_eta0p50,7.3600,92.1367,14.1590,106.2958
b1_eta0p50,7.8200,91.2960,13.8561,105.1521
b1_eta0p50,8.2800,90.3909,13.6295,104.0204
b1_eta0p50,8.7400,89.4220,13.4721,102.8941
b1_eta0p50,9.2000,88.3901,13.3768,101.7669
b1_eta0p50,9.6600,87.2965,13.3365,100.6330
b1_eta0p50,10.1200,86.1431,13.3441,99.4873
b1_eta0p50,10.5800,84.9326,13.3920,98.3246
b1_eta0p50,11.0400,83.6679,13.4726,97.1405
b1_eta0p50,11.5000,82.3531,13.5781,95.9311
b1_eta0p50,11.9600,80.9928,13.7005,94.6933
b1_eta0p50,12.4200,79.5921,13.8323,93.4244
b1_eta0p50,12.8800,78.1567,13.9661,92.1227
b1_eta0p50,13.3400,76.6924,14.0951,90.7875
b1_eta0p50,13.8000,75.2061,14.2125,89.4186
b1_eta0p50,14.2600,73.7037,14.3133,88.0170
b1_eta0p50,14.7200,72.1918,14.3924,86.5842
b1_eta0p50,15.1800,70.6761,14.4466,85.1227
b1_eta0p50,15.6400,69.1627,14.4728,83.6355
b1_eta0p50,16.1000,67.6575,14.4686,82.1261
b1_eta0p50,16.5600,66.1651,14.4336,80.5987
b1_eta0p50,17.0200,64.6905,14.3669,79.0574
b1_eta0p50,17.4800,63.2376,14.2691,77.5067
b1_eta0p50,17.9400,61.8093,14.1419,75.9512
b1_eta0p50,18.4000,60.4085,13.9869,74.3954
b1_eta0p50,18.8600,59.0377,13.8059,72.8436
b1_eta0p50,19.3200,57.6986,13.6015,71.3001
b1_eta0p50,19.7800,56.3924,13.3762,69.7686
b1_eta0p50,20.2400,55.1203,13.1323,68.2527
b1_eta0p50,20.7000,53.8834,12.8722,66.7556
b1_eta0p50,21.1600,52.6817,12.5986,65.2803
b1_eta0p50,21.6200,51.5151,12.3142,63.8293
b1_eta0p50,22.0800,50.3828,12.0219,62.4048
b1_eta0p50,22.5400,49.2845,11.7243,61.0088
b1_eta0p50,23.0000,48.2193,11.4236,59.6429
b1_eta0p50,23.4600,47.1862,11.1222,58.3084
b1_eta0p50,23.9200,46.1840,10.8222,57.0062
b1_eta0p50,24.3800,45.2115,10.5254,55.7369
b1_eta0p50,24.8400,44.2677,10.2333,54.5010
b1_eta0p50,25.3000,43.3515,9.9470,53.2985
b1_eta0p50,25.7600,42.4620,9.6674,52.1294
b1_eta0p50,26.2200,41.5982,9.3951,50.9933
b1_eta0p50,26.6800,40.7589,9.1307,49.8896
b1_eta0p50,27.1400,39.9435,8.8744,48.8179
b1_eta0p50,27.6000,39.1508,8.6265,47.7774
b1_eta0p50,28.0600,38.3802,8.3870,46.7673
b1_eta0p50,28.5200,37.6308,8.1559,45.7868
b1_eta0p50,28.9800,36.9019,7.9332,44.8351
b1_eta0p50,29.4400,36.1926,7.7187,43.9113
b1_eta0p50,29.9000,35.5021,7.5125,43.0146
b1_eta0p50,30.3600,34.8298,7.3143,42.1441
b1_eta0p50,30.8200,34.1748,7.1240,41.2988
b1_eta0p50,31.2800,33.5365,6.9414,40.4778
b1_eta0p50,31.7400,32.9142,6.7662,39.6804
b1_eta0p50,32.2000,32.3074,6.5981,38.9055
b1_eta0p50,32.6600,31.7156,6.4369,38.1525
b1_eta0p50,33.1200,31.1383,6.2820,37.4203
b1_eta0p50,33.5800,30.5749,6.1334,36.7083
b1_eta0p50,34.0400,30.0251,5.9905,36.0157
b1_eta0p50,34.5000,29.4884,5.8532,35.3416
b1_eta0p50,34.9600,28.9645,5.7211,34.6855
b1_eta0p50,35.4200,28.4528,5.5938,34.0466
b1_eta0p50,35.8800,27.9532,5.4712,33.4244
b1_eta0p50,36.3400,27.4652,5.3528,32.8180
b1_eta0p50,36.8000,26.9886,5.2385,32.2271
b1_eta0p50,37.2600,26.5231,5.1280,31.6510
b1_eta0p50,37.7200,26.0683,5.0210,31.0893
b1_eta0p50,38.1800,25.6242,4.9172,30.5415
b1_eta0p50,38.6400,25.1904,4.8166,30.0070
b1_eta0p50,39.1000,24.7667,4.7189,29.4856
b1_eta0p50,39.5600,24.3528,4.6239,28.9768
b1_eta0p50,40.0200,23.9485,4.5316,28.4802
b1_eta0p50,40.4800,23.5536,4.4418,27.9954
b1_eta0p50,40.9400,23.1678,4.3545,27.5222
b1_eta0p50,41.4000,22.7909,4.2694,27.0603
b1_eta0p50,41.8600,22.4227,4.1865,26.6092
b1_eta0p50,42.3200,22.0629,4.1058,26.1688
b1_eta0p50,42.7800,21.7114,4.0272,25.7387
b1_eta0p50,43.2400,21.3679,3.9507,25.3186
b1_eta0p50,43.7000,21.0322,3.8761,24.9083
b1_eta0p50,44.1600,20.7041,3.8034,24.5076
b1_eta0p50,44.6200,20.3835,3.7326,24.1161
b1_eta0p50,45.0800,20.0702,3.6635,23.7337
b1_eta0p50,45.5400,19.7639,3.5961,23.3600
b1_eta0p50,46.0000,19.4646,3.5303,22.9949
b1_eta0p50,46.4600,19.1721,3.4661,22.6381
b1_eta0p50,46.9200,18.8861,3.4034,22.2895
b1_eta0p50,47.3800,18.6066,3.3422,21.9487
b1_eta0p50,47.8400,18.3333,3.2823,21.6157
b1_eta0p50,48.3000,18.0663,3.2238,21.2901
b1_eta0p50,48.7600,17.8053,3.1665,20.9718
b1_eta0p50,49.2200,17.5502,3.1104,20.6606
b1_eta0p50,49.6800,17.3009,3.0555,20.3564
b1_eta0p50,50.1400,17.0572,3.0016,20.0589
b1_eta0p50,50.6000,16.8191,2.9489,19.7680
b1_eta0p50,51.0600,16.5862,2.8973,19.4835
b1_eta0p50,51.5200,16.3585,2.8468,19.2053
b1_eta0p50,51.9800,16.1358,2.7974,18.9332
b1_eta0p50,52.4400,15.9181,2.7490,18.6671
b1_eta0p50,52.9000,15.7051,2.7017,18.4068
b1_eta0p50,53.3600,15.4967,2.6555,18.1522
b1_eta0p50,53.8200,15.2928,2.6102,17.9030
b1_eta0p50,54.2800,15.0933,2.5660,17.6593
b1_eta0p50,54.7400,14.8981,2.5226,17.4207
b1_eta0p50,55.2000,14.7071,2.4802,17.1873
b1_eta0p50,55.6600,14.5202,2.4385,16.9587
b1_eta0p50,56.1200,14.3373,2.3977,16.7350
b1_eta0p50,56.5800,14.1584,2.3575,16.5160
b1_eta0p50,57.0400,13.9834,2.3180,16.3014
b1_eta0p50,57.5000,13.8123,2.2791,16.0914
b1_eta0p50,57.9600,13.6449,2.2408,15.8856
b1_eta0p50,58.4200,13.4813,2.2029,15.6841
b1_eta0p50,58.8800,13.3214,2.1654,15.4867
b1_eta0p50,59.3400,13.1652,2.1282,15.2934
b1_eta0p50,59.8000,13.0126,2.0914,15.1040
b1_eta0p50,60.2600,12.8637,2.0549,14.9186
b1_eta0p50,60.7200,12.7183,2.0186,14.7369
b1_eta0p50,61.1800,12.5765,1.9825,14.5590
b1_eta0p50,61.6400,12.4382,1.9467,14.3849
b1_eta0p50,62.1000,12.3033,1.9111,14.2144
b1_eta0p50,62.5600,12.1719,1.8758,14.0476
b1_eta0p50,63.0200,12.0437,1.8407,13.8844
b1_eta0p50,63.4800,11.9187,1.8060,13.7247
b1_eta0p50,63.9400,11.7969,1.7716,13.5686
b1_eta0p50,64.4000,11.6782,1.7377,13.4159
b1_eta0p50,64.8600,11.5624,1.7042,13.2667
b1_eta0p50,65.3200,11.4496,1.6712,13.1208
b1_eta0p50,65.7800,11.3395,1.6388,12.9783
b1_eta0p50,66.2400,11.2320,1.6070,12.8390
b1_eta0p50,66.7000,11.1272,1.5758,12.7030
b1_eta0p50,67.1600,11.0249,1.5453,12.5701
b1_eta0p50,67.6200,10.9249,1.5154,12.4403
b1_eta0p50,68.0800,10.8272,1.4863,12.3136
b1_eta0p50,68.5400,10.7317,1.4580,12.1897
b1_eta0p50,69.0000,10.6383,1.4304,12.0688
b1_eta0p50,69.4600,10.5469,1.4037,11.9506
b1_eta0p50,69.9200,10.4574,1.3777,11.8351
b1_eta0p50,70.3800,10.3696,1.3526,11.7222
b1_eta0p50,70.8400,10.2836,1.3283,11.6119
b1_eta0p50,71.3000,10.1991,1.3048,11.5040
b1_eta0p50,71.7600,10.1162,1.2822,11.3985
b1_eta0p50,72.2200,10.0347,1.2605,11.2952
b1_eta0p50,72.6800,9.9546,1.2396,11.1942
b1_eta0p50,73.1400,9.8757,1.2195,11.0952
b1_eta0p50,73.6000,9.7979,1.2003,10.9983
b1_eta0p50,74.0600,9.7213,1.1820,10.9033
b1_eta0p50,74.5200,9.6456,1.1645,10.8101
b1_eta0p50,74.9800,9.5709,1.1478,10.7187
b1_eta0p50,75.4400,9.4970,1.1320,10.6290
b1_eta0p50,75.9000,9.4239,1.1170,10.5409
b1_eta0p50,76.3600,9.3515,1.1028,10.4543
b1_eta0p50,76.8200,9.2797,1.0895,10.3691
b1_eta0p50,77.2800,9.2085,1.0769,10.2853
b1_eta0p50,77.7400,9.1378,1.0650,10.2028
b1_eta0p50,78.2000,9.0675,1.0539,10.1215
b1_eta0p50,78.6600,8.9977,1.0436,10.0413
b1_eta0p50,79.1200,8.9281,1.0340,9.9621
b1_eta0p50,79.5800,8.8589,1.0250,9.8839
b1_eta0p50,80.0400,8.7899,1.0168,9.8067
b1_eta0p50,80.5000,8.7212,1.0091,9.7303
b1_eta0p50,80.9600,8.6525,1.0022,9.6547
b1_eta0p50,81.4200,8.5840,0.9958,9.5798
b1_eta0p50,81.8800,8.5156,0.9899,9.5056
b1_eta0p50,82.3400,8.4473,0.9847,9.4319
b1_eta0p50,82.8000,8.3789,0.9799,9.3589
b1_eta0p50,83.2600,8.3106,0.9757,9.2863
b1_eta0p50,83.7200,8.2423,0.9719,9.2142
b1_eta0p50,84.1800,8.1740,0.9685,9.1425
b1_eta0p50,84.6400,8.1056,0.9655,9.0711
b1_eta0p50,85.1000,8.0372,0.9628,9.0000
b1_eta0p50,85.5600,7.9688,0.9605,8.9293
b1_eta0p50,86.0200,7.9003,0.9584,8.8587
b1_eta0p50,86.4800,7.8318,0.9566,8.7884
b1_eta0p50,86.9400,7.7633,0.9550,8.7183
b1_eta0p50,87.4000,7.6948,0.9535,8.6483
b1_eta0p50,87.8600,7.6264,0.9521,8.5784
b1_eta0p50,88.3200,7.5579,0.9507,8.5087
b1_eta0p50,88.7800,7.4896,0.9494,8.4390
b1_eta0p50,89.2400,7.4214,0.9480,8.3695
b1_eta0p50,89.7000,7.3533,0.9466,8.3000
b1_eta0p50,90.1600,7.2855,0.9451,8.2306
b1_eta0p50,90.6200,7.2178,0.9434,8.1612
b1_eta0p50,91.0800,7.1504,0.9416,8.0920
b1_eta0p50,91.5400,7.0833,0.9395,8.0228
b1_eta0p50,92.0000,7.0166,0.9371,7.9537
b1_eta0p50,92.4600,6.9503,0.9345,7.8848
b1_eta0p50,92.9200,6.8844,0.9315,7.8160
b1_eta0p50,93.3800,6.8191,0.9282,7.7473
b1_eta0p50,93.8400,6.7542,0.9245,7.6788
b1_eta0p50,94.3000,6.6900,0.9205,7.6104
b1_eta0p50,94.7600,6.6263,0.9160,7.5424
b1_eta0p50,95.2200,6.5634,0.9112,7.4745
b1_eta0p50,95.6800,6.5011,0.9059,7.4070
b1_eta0p50,96.1400,6.4396,0.9001,7.3397
b1_eta0p50,96.6000,6.3789,0.8939,7.2728
b1_eta0p50,97.0600,6.3190,0.8873,7.2063
b1_eta0p50,97.5200,6.2600,0.8802,7.1402
b1_eta0p50,97.9800,6.2019,0.8727,7.0746
b1_eta0p50,98.4400,6.1448,0.8647,7.0095
b1_eta0p50,98.9000,6.0886,0.8562,6.9448
b1_eta0p50,99.3600,6.0334,0.8474,6.8808
b1_eta0p50,99.8200,5.9792,0.8381,6.8173
b1_eta0p50,100.2800,5.9261,0.8283,6.7545
b1_eta0p50,100.7400,5.8741,0.8182,6.6923
b1_eta0p50,101.2000,5.8231,0.8076,6.6308
b1_eta0p50,101.6600,5.7733,0.7967,6.5700
b1_eta0p50,102.1200,5.7247,0.7854,6.5100
b1_eta0p50,102.5800,5.6772,0.7737,6.4508
b1_eta0p50,103.0400,5.6308,0.7616,6.3924
b1_eta0p50,103.5000,5.5857,0.7492,6.3349
b1_eta0p50,103.9600,5.5418,0.7365,6.2783
b1_eta0p50,104.4200,5.4991,0.7234,6.2225
b1_eta0p50,104.8800,5.4576,0.7101,6.1677
b1_eta0p50,105.3400,5.4174,0.6965,6.1138
b1_eta0p50,105.8000,5.3784,0.6826,6.0610
b1_eta0p50,106.2600,5.3406,0.6685,6.0091
b1_eta0p50,106.7200,5.3041,0.6541,5.9582
b1_eta0p50,107.1800,5.2689,0.6395,5.9084
b1_eta0p50,107.6400,5.2349,0.6248,5.8597
b1_eta0p50,108.1000,5.2022,0.6098,5.8120
b1_eta0p50,108.5600,5.1707,0.5948,5.7654
b1_eta0p50,109.0200,5.1404,0.5796,5.7200
b1_eta0p50,109.4800,5.1114,0.5643,5.6757
b1_eta0p50,109.9400,5.0836,0.5489,5.6325
b1_eta0p50,110.4000,5.0570,0.5335,5.5904
b1_eta0p50,110.8600,5.0315,0.5180,5.5495
b1_eta0p50,111.3200,5.0072,0.5025,5.5098
b1_eta0p50,111.7800,4.9841,0.4871,5.4712
b1_eta0p50,112.2400,4.9621,0.4717,5.4338
b1_eta0p50,112.7000,4.9412,0.4564,5.3976
b1_eta0p50,113.1600,4.9214,0.4411,5.3625
b1_eta0p50,113.6200,4.9026,0.4260,5.3286
b1_eta0p50,114.0800,4.8848,0.4110,5.2958
b1_eta0p50,114.5400,4.8680,0.3963,5.2642
b1_eta0p50,115.0000,4.8521,0.3817,5.2338
b1_eta0p50,115.4600,4.8371,0.3673,5.2044
b1_eta0p50,115.9200,4.8231,0.3531,5.1762
b1_eta0p50,116.3800,4.8099,0.3392,5.1491
b1_eta0p50,116.8400,4.7974,0.3256,5.1231
b1_eta0p50,117.3000,4.7858,0.3123,5.0981
b1_eta0p50,117.7600,4.7749,0.2993,5.0742
b1_eta0p50,118.2200,4.7647,0.2866,5.0513
b1_eta0p50,118.6800,4.7552,0.2742,5.0294
b1_eta0p50,119.1400,4.7462,0.2622,5.0085
b1_eta0p50,119.6000,4.7379,0.2506,4.9885
b1_eta0p50,120.0600,4.7302,0.2393,4.9695
b1_eta0p50,120.5200,4.7229,0.2284,4.9514
b1_eta0p50,120.9800,4.7161,0.2179,4.9341
b1_eta0p50,121.4400,4.7098,0.2078,4.9177
b1_eta0p50,121.9000,4.7039,0.1981,4.9020
b1_eta0p50,122.3600,4.6984,0.1888,4.8872
b1_eta0p50,122.8200,4.6932,0.1799,4.8731
b1_eta0p50,123.2800,4.6884,0.1714,4.8598
b1_eta0p50,123.7400,4.6838,0.1633,4.8471
b1_eta0p50,124.2000,4.6795,0.1556,4.8351
b1_eta0p50,124.6600,4.6754,0.1483,4.8237
b1_eta0p50,125.1200,4.6715,0.1414,4.8129
b1_eta0p50,125.5800,4.6677,0.1349,4.8027
b1_eta0p50,126.0400,4.6641,0.1289,4.7930
b1_eta0p50,126.5000,4.6606,0.1232,4.7838
b1_eta0p50,126.9600,4.6571,0.1179,4.7751
b1_eta0p50,127.4200,4.6537,0.1131,4.7668
b1_eta0p50,127.8800,4.6503,0.1086,4.7589
b1_eta0p50,128.3400,4.6469,0.1045,4.7515
b1_eta0p50,128.8000,4.6435,0.1009,4.7443
b1_eta0p50,129.2600,4.6400,0.0976,4.7375
b1_eta0p50,129.7200,4.6363,0.0947,4.7310
b1_eta0p50,130.1800,4.6326,0.0922,4.7248
b1_eta0p50,130.6400,4.6287,0.0901,4.7188
b1_eta0p50,131.1000,4.6247,0.0883,4.7130
b1_eta0p50,131.5600,4.6205,0.0869,4.7074
b1_eta0p50,132.0200,4.6160,0.0859,4.7019
b1_eta0p50,132.4800,4.6114,0.0852,4.6966
b1_eta0p50,132.9400,4.6064,0.0849,4.6914
b1_eta0p50,133.4000,4.6012,0.0849,4.6862
b1_eta0p50,133.8600,4.5958,0.0853,4.6811
b1_eta0p50,134.3200,4.5900,0.0860,4.6760
b1_eta0p50,134.7800,4.5839,0.0869,4.6708
b1_eta0p50,135.2400,4.5775,0.0882,4.6657
b1_eta0p50,135.7000,4.5708,0.0898,4.6605
b1_eta0p50,136.1600,4.5637,0.0916,4.6553
b1_eta0p50,136.6200,4.5562,0.0937,4.6499
b1_eta0p50,137.0800,4.5484,0.0960,4.6444
b1_eta0p50,137.5400,4.5402,0.0986,4.6388
b1_eta0p50,138.0000,4.5316,0.1014,4.6330
b1_eta0p50,138.4600,4.5227,0.1044,4.6271
b1_eta0p50,138.9200,4.5134,0.1076,4.6210
b1_eta0p50,139.3800,4.5036,0.1110,4.6147
b1_eta0p50,139.8400,4.4935,0.1146,4.6081
b1_eta0p10,0.0000,97.2159,64.7841,162.0000
b1_eta0p10,0.4600,97.2164,61.9038,159.1202
b1_eta0p10,0.9200,97.2157,59.2148,156.4305
b1_eta0p10,1.3800,97.2098,56.7058,153.9157
b1_eta0p10,1.8400,97.1943,54.3668,151.5612
b1_eta0p10,2.3000,97.1646,52.1885,149.3531
b1_eta0p10,2.7600,97.1162,50.1620,147.2782
b1_eta0p10,3.2200,97.0447,48.2792,145.3239
b1_eta0p10,3.6800,96.9463,46.5323,143.4786
b1_eta0p10,4.1400,96.8175,44.9138,141.7313
b1_eta0p10,4.6000,96.6552,43.4168,140.0720
b1_eta0p10,5.0600,96.4569,42.0343,138.4913
b1_eta0p10,5.5200,96.2208,40.7598,136.9806
b1_eta0p10,5.9800,95.9452,39.5869,135.5321
b1_eta0p10,6.4400,95.6290,38.5095,134.1385
b1_eta0p10,6.9000,95.2716,37.5220,132.7935
b1_eta0p10,7.3600,94.8723,36.6188,131.4911
b1_eta0p10,7.8200,94.4311,35.7948,130.2258
b1_eta0p10,8.2800,93.9478,35.0452,128.9930
b1_eta0p10,8.7400,93.4227,34.3655,127.7882
b1_eta0p10,9.2000,92.8561,33.7514,126.6074
b1_eta0p10,9.6600,92.2484,33.1989,125.4473
b1_eta0p10,10.1200,91.6003,32.7043,124.3046
b1_eta0p10,10.5800,90.9125,32.2639,123.1764
b1_eta0p10,11.0400,90.1860,31.8743,122.0603
b1_eta0p10,11.5000,89.4219,31.5321,120.9540
b1_eta0p10,11.9600,88.6214,31.2341,119.8555
b1_eta0p10,12.4200,87.7862,30.9769,118.7630
b1_eta0p10,12.8800,86.9177,30.7574,117.6751
b1_eta0p10,13.3400,86.0178,30.5725,116.5903
b1_eta0p10,13.8000,85.0886,30.4190,115.5076
b1_eta0p10,14.2600,84.1319,30.2940,114.4259
b1_eta0p10,14.7200,83.1504,30.1942,113.3446
b1_eta0p10,15.1800,82.1461,30.1168,112.2629
b1_eta0p10,15.6400,81.1218,30.0587,111.1805
b1_eta0p10,16.1000,80.0801,30.0170,110.0971
b1_eta0p10,16.5600,79.0233,29.9892,109.0125
b1_eta0p10,17.0200,77.9547,29.9722,107.9268
b1_eta0p10,17.4800,76.8767,29.9633,106.8401
b1_eta0p10,17.9400,75.7918,29.9607,105.7525
b1_eta0p10,18.4000,74.7029,29.9615,104.6644
b1_eta0p10,18.8600,73.6127,29.9635,103.5762
b1_eta0p10,19.3200,72.5232,29.9650,102.4882
b1_eta0p10,19.7800,71.4366,29.9644,101.4010
b1_eta0p10,20.2400,70.3554,29.9596,100.3149
b1_eta0p10,20.7000,69.2819,29.9485,99.2304
b1_eta0p10,21.1600,68.2176,29.9303,98.1479
b1_eta0p10,21.6200,67.1639,29.9037,97.0676
b1_eta0p10,22.0800,66.1222,29.8676,95.9898
b1_eta0p10,22.5400,65.0944,29.8203,94.9147
b1_eta0p10,23.0000,64.0818,29.7607,93.8425
b1_eta0p10,23.4600,63.0850,29.6881,92.7731
b1_eta0p10,23.9200,62.1046,29.6019,91.7065
b1_eta0p10,24.3800,61.1409,29.5017,90.6426
b1_eta0p10,24.8400,60.1946,29.3867,89.5813
b1_eta0p10,25.3000,59.2666,29.2558,88.5225
b1_eta0p10,25.7600,58.3573,29.1086,87.4659
b1_eta0p10,26.2200,57.4668,28.9447,86.4115
b1_eta0p10,26.6800,56.5951,28.7642,85.3593
b1_eta0p10,27.1400,55.7419,28.5672,84.3091
b1_eta0p10,27.6000,54.9071,28.3539,83.2611
b1_eta0p10,28.0600,54.0908,28.1246,82.2153
b1_eta0p10,28.5200,53.2927,27.8795,81.1722
b1_eta0p10,28.9800,52.5131,27.6189,80.1320
b1_eta0p10,29.4400,51.7518,27.3434,79.0952
b1_eta0p10,29.9000,51.0084,27.0540,78.0623
b1_eta0p10,30.3600,50.2826,26.7515,77.0341
b1_eta0p10,30.8200,49.5739,26.4373,76.0112
b1_eta0p10,31.2800,48.8820,26.1125,74.9945
b1_eta0p10,31.7400,48.2064,25.7782,73.9846
b1_eta0p10,32.2000,47.5469,25.4357,72.9827
b1_eta0p10,32.6600,46.9033,25.0861,71.9894
b1_eta0p10,33.1200,46.2750,24.7306,71.0057
b1_eta0p10,33.5800,45.6619,24.3705,70.0324
b1_eta0p10,34.0400,45.0635,24.0068,69.0703
b1_eta0p10,34.5000,44.4793,23.6408,68.1202
b1_eta0p10,34.9600,43.9089,23.2738,67.1827
b1_eta0p10,35.4200,43.3519,22.9066,66.2584
b1_eta0p10,35.8800,42.8078,22.5402,65.3480
b1_eta0p10,36.3400,42.2762,22.1756,64.4518
b1_eta0p10,36.8000,41.7567,21.8135,63.5702
b1_eta0p10,37.2600,41.2492,21.4543,62.7035
b1_eta0p10,37.7200,40.7532,21.0987,61.8519
b1_eta0p10,38.1800,40.2683,20.7472,61.0155
b1_eta0p10,38.6400,39.7945,20.4000,60.1945
b1_eta0p10,39.1000,39.3313,20.0575,59.3888
b1_eta0p10,39.5600,38.8784,19.7199,58.5983
b1_eta0p10,40.0200,38.4354,19.3876,57.8230
b1_eta0p10,40.4800,38.0019,19.0607,57.0626
b1_eta0p10,40.9400,37.5777,18.7393,56.3171
b1_eta0p10,41.4000,37.1623,18.4237,55.5861
b1_eta0p10,41.8600,36.7552,18.1141,54.8693
b1_eta0p10,42.3200,36.3561,17.8105,54.1666
b1_eta0p10,42.7800,35.9646,17.5128,53.4775
b1_eta0p10,43.2400,35.5806,17.2211,52.8017
b1_eta0p10,43.7000,35.2037,16.9352,52.1389
b1_eta0p10,44.1600,34.8336,16.6551,51.4888
b1_eta0p10,44.6200,34.4700,16.3808,50.8509
b1_eta0p10,45.0800,34.1128,16.1121,50.2249
b1_eta0p10,45.5400,33.7617,15.8487,49.6104
b1_eta0p10,46.0000,33.4167,15.5904,49.0072
b1_eta0p10,46.4600,33.0776,15.3372,48.4148
b1_eta0p10,46.9200,32.7442,15.0887,47.8329
b1_eta0p10,47.3800,32.4163,14.8449,47.2612
b1_eta0p10,47.8400,32.0938,14.6055,46.6993
b1_eta0p10,48.3000,31.7765,14.3705,46.1470
b1_eta0p10,48.7600,31.4642,14.1398,45.6040
b1_eta0p10,49.2200,31.1567,13.9134,45.0700
b1_eta0p10,49.6800,30.8536,13.6912,44.5448
b1_eta0p10,50.1400,30.5549,13.4732,44.0282
b1_eta0p10,50.6000,30.2604,13.2593,43.5198
b1_eta0p10,51.0600,29.9702,13.0493,43.0195
b1_eta0p10,51.5200,29.6840,12.8431,42.5271
b1_eta0p10,51.9800,29.4018,12.6405,42.0423
b1_eta0p10,52.4400,29.1236,12.4414,41.5651
b1_eta0p10,52.9000,28.8493,12.2459,41.0951
b1_eta0p10,53.3600,28.5787,12.0537,40.6323
b1_eta0p10,53.8200,28.3119,11.8646,40.1765
b1_eta0p10,54.2800,28.0487,11.6787,39.7274
b1_eta0p10,54.7400,27.7893,11.4958,39.2851
b1_eta0p10,55.2000,27.5334,11.3158,38.8492
b1_eta0p10,55.6600,27.2810,11.1388,38.4198
b1_eta0p10,56.1200,27.0319,10.9647,37.9967
b1_eta0p10,56.5800,26.7860,10.7937,37.5797
b1_eta0p10,57.0400,26.5431,10.6257,37.1688
b1_eta0p10,57.5000,26.3030,10.4609,36.7639
b1_eta0p10,57.9600,26.0655,10.2994,36.3649
b1_eta0p10,58.4200,25.8303,10.1414,35.9717
b1_eta0p10,58.8800,25.5971,9.9871,35.5842
b1_eta0p10,59.3400,25.3656,9.8366,35.2023
b1_eta0p10,59.8000,25.1357,9.6902,34.8259
b1_eta0p10,60.2600,24.9072,9.5478,34.4550
b1_eta0p10,60.7200,24.6798,9.4095,34.0893
b1_eta0p10,61.1800,24.4536,9.2752,33.7288
b1_eta0p10,61.6400,24.2285,9.1448,33.3733
b1_eta0p10,62.1000,24.0046,9.0180,33.0226
b1_eta0p10,62.5600,23.7821,8.8945,32.6766
b1_eta0p10,63.0200,23.5613,8.7739,32.3352
b1_eta0p10,63.4800,23.3424,8.6557,31.9981
b1_eta0p10,63.9400,23.1256,8.5395,31.6651
b1_eta0p10,64.4000,22.9112,8.4250,31.3362
b1_eta0p10,64.8600,22.6993,8.3118,31.0111
b1_eta0p10,65.3200,22.4904,8.1994,30.6898
b1_eta0p10,65.7800,22.2847,8.0875,30.3721
b1_eta0p10,66.2400,22.0822,7.9758,30.0580
b1_eta0p10,66.7000,21.8833,7.8641,29.7474
b1_eta0p10,67.1600,21.6879,7.7524,29.4403
b1_eta0p10,67.6200,21.4962,7.6405,29.1367
b1_eta0p10,68.0800,21.3080,7.5286,28.8366
b1_eta0p10,68.5400,21.1234,7.4167,28.5401
b1_eta0p10,69.0000,20.9423,7.3050,28.2473
b1_eta0p10,69.4600,20.7644,7.1938,27.9582
b1_eta0p10,69.9200,20.5894,7.0835,27.6729
b1_eta0p10,70.3800,20.4173,6.9743,27.3916
b1_eta0p10,70.8400,20.2475,6.8667,27.1143
b1_eta0p10,71.3000,20.0800,6.7611,26.8410
b1_eta0p10,71.7600,19.9142,6.6578,26.5720
b1_eta0p10,72.2200,19.7498,6.5573,26.3071
b1_eta0p10,72.6800,19.5865,6.4598,26.0464
b1_eta0p10,73.1400,19.4240,6.3659,25.7899
b1_eta0p10,73.6000,19.2618,6.2757,25.5376
b1_eta0p10,74.0600,19.0997,6.1896,25.2893
b1_eta0p10,74.5200,18.9372,6.1078,25.0450
b1_eta0p10,74.9800,18.7740,6.0306,24.8046
b1_eta0p10,75.4400,18.6097,5.9581,24.5678
b1_eta0p10,75.9000,18.4442,5.8904,24.3346
b1_eta0p10,76.3600,18.2773,5.8275,24.1048
b1_eta0p10,76.8200,18.1087,5.7693,23.8780
b1_eta0p10,77.2800,17.9384,5.7159,23.6542
b1_eta0p10,77.7400,17.7663,5.6669,23.4331
b1_eta0p10,78.2000,17.5924,5.6221,23.2145
b1_eta0p10,78.6600,17.4168,5.5814,22.9982
b1_eta0p10,79.1200,17.2396,5.5443,22.7839
b1_eta0p10,79.5800,17.0610,5.5104,22.5714
b1_eta0p10,80.0400,16.8812,5.4793,22.3605
b1_eta0p10,80.5000,16.7005,5.4507,22.1512
b1_eta0p10,80.9600,16.5191,5.4240,21.9431
b1_eta0p10,81.4200,16.3373,5.3989,21.7362
b1_eta0p10,81.8800,16.1555,5.3748,21.5303
b1_eta0p10,82.3400,15.9739,5.3514,21.3253
b1_eta0p10,82.8000,15.7930,5.3282,21.1212
b1_eta0p10,83.2600,15.6130,5.3049,20.9178
b1_eta0p10,83.7200,15.4341,5.2811,20.7152
b1_eta0p10,84.1800,15.2567,5.2566,20.5133
b1_eta0p10,84.6400,15.0809,5.2311,20.3120
b1_eta0p10,85.1000,14.9070,5.2045,20.1115
b1_eta0p10,85.5600,14.7352,5.1765,19.9117
b1_eta0p10,86.0200,14.5657,5.1470,19.7127
b1_eta0p10,86.4800,14.3984,5.1160,19.5145
b1_eta0p10,86.9400,14.2337,5.0834,19.3171
b1_eta0p10,87.4000,14.0715,5.0493,19.1208
b1_eta0p10,87.8600,13.9119,5.0135,18.9254
b1_eta0p10,88.3200,13.7550,4.9762,18.7312
b1_eta0p10,88.7800,13.6008,4.9374,18.5382
b1_eta0p10,89.2400,13.4493,4.8972,18.3465
b1_eta0p10,89.7000,13.3005,4.8557,18.1562
b1_eta0p10,90.1600,13.1545,4.8129,17.9674
b1_eta0p10,90.6200,13.0113,4.7689,17.7801
b1_eta0p10,91.0800,12.8708,4.7238,17.5945
b1_eta0p10,91.5400,12.7330,4.6777,17.4107
b1_eta0p10,92.0000,12.5980,4.6307,17.2287
b1_eta0p10,92.4600,12.4658,4.5829,17.0486
b1_eta0p10,92.9200,12.3362,4.5343,16.8705
b1_eta0p10,93.3800,12.2093,4.4852,16.6945
b1_eta0p10,93.8400,12.0851,4.4356,16.5206
b1_eta0p10,94.3000,11.9634,4.3855,16.3489
b1_eta0p10,94.7600,11.8443,4.3352,16.1795
b1_eta0p10,95.2200,11.7277,4.2847,16.0123
b1_eta0p10,95.6800,11.6135,4.2340,15.8475
b1_eta0p10,96.1400,11.5019,4.1832,15.6851
b1_eta0p10,96.6000,11.3927,4.1324,15.5250
b1_eta0p10,97.0600,11.2858,4.0816,15.3674
b1_eta0p10,97.5200,11.1814,4.0308,15.2122
b1_eta0p10,97.9800,11.0793,3.9802,15.0595
b1_eta0p10,98.4400,10.9795,3.9296,14.9091
b1_eta0p10,98.9000,10.8821,3.8791,14.7612
b1_eta0p10,99.3600,10.7870,3.8287,14.6157
b1_eta0p10,99.8200,10.6941,3.7785,14.4726
b1_eta0p10,100.2800,10.6035,3.7284,14.3318
b1_eta0p10,100.7400,10.5150,3.6784,14.1934
b1_eta0p10,101.2000,10.4286,3.6287,14.0573
b1_eta0p10,101.6600,10.3442,3.5793,13.9235
b1_eta0p10,102.1200,10.2618,3.5301,13.7919
b1_eta0p10,102.5800,10.1813,3.4814,13.6626
b1_eta0p10,103.0400,10.1024,3.4331,13.5355
b1_eta0p10,103.5000,10.0252,3.3854,13.4106
b1_eta0p10,103.9600,9.9495,3.3383,13.2879
b1_eta0p10,104.4200,9.8752,3.2921,13.1673
b1_eta0p10,104.8800,9.8021,3.2467,13.0488
b1_eta0p10,105.3400,9.7302,3.2023,12.9325
b1_eta0p10,105.8000,9.6592,3.1590,12.8182
b1_eta0p10,106.2600,9.5892,3.1168,12.7059
b1_eta0p10,106.7200,9.5199,3.0758,12.5957
b1_eta0p10,107.1800,9.4514,3.0360,12.4874
b1_eta0p10,107.6400,9.3834,2.9976,12.3810
b1_eta0p10,108.1000,9.3160,2.9605,12.2765
b1_eta0p10,108.5600,9.2491,2.9247,12.1738
b1_eta0p10,109.0200,9.1827,2.8902,12.0729
b1_eta0p10,109.4800,9.1166,2.8571,11.9737
b1_eta0p10,109.9400,9.0508,2.8252,11.8760
b1_eta0p10,110.4000,8.9853,2.7947,11.7800
b1_eta0p10,110.8600,8.9200,2.7655,11.6854
b1_eta0p10,111.3200,8.8549,2.7375,11.5923
b1_eta0p10,111.7800,8.7899,2.7106,11.5006
b1_eta0p10,112.2400,8.7251,2.6850,11.4101
b1_eta0p10,112.7000,8.6605,2.6604,11.3209
b1_eta0p10,113.1600,8.5959,2.6370,11.2329
b1_eta0p10,113.6200,8.5315,2.6145,11.1460
b1_eta0p10,114.0800,8.4671,2.5931,11.0602
b1_eta0p10,114.5400,8.4029,2.5726,10.9755
b1_eta0p10,115.0000,8.3387,2.5531,10.8918
b1_eta0p10,115.4600,8.2745,2.5345,10.8090
b1_eta0p10,115.9200,8.2104,2.5168,10.7272
b1_eta0p10,116.3800,8.1464,2.4999,10.6463
b1_eta0p10,116.8400,8.0824,2.4839,10.5663
b1_eta0p10,117.3000,8.0185,2.4686,10.4871
b1_eta0p10,117.7600,7.9547,2.4541,10.4088
b1_eta0p10,118.2200,7.8911,2.4403,10.3314
b1_eta0p10,118.6800,7.8276,2.4271,10.2547
b1_eta0p10,119.1400,7.7643,2.4146,10.1788
b1_eta0p10,119.6000,7.7012,2.4025,10.1037
b1_eta0p10,120.0600,7.6383,2.3910,10.0293
b1_eta0p10,120.5200,7.5757,2.3799,9.9556
b1_eta0p10,120.9800,7.5135,2.3692,9.8827
b1_eta0p10,121.4400,7.4516,2.3588,9.8104
b1_eta0p10,121.9000,7.3902,2.3486,9.7388
b1_eta0p10,122.3600,7.3292,2.3386,9.6678
b1_eta0p10,122.8200,7.2686,2.3287,9.5974
b1_eta0p10,123.2800,7.2086,2.3189,9.5276
b1_eta0p10,123.7400,7.1492,2.3092,9.4584
b1_eta0p10,124.2000,7.0903,2.2994,9.3897
b1_eta0p10,124.6600,7.0319,2.2897,9.3216
b1_eta0p10,125.1200,6.9741,2.2799,9.2540
b1_eta0p10,125.5800,6.9167,2.2701,9.1869
b1_eta0p10,126.0400,6.8599,2.2604,9.1203
b1_eta0p10,126.5000,6.8034,2.2507,9.0542
b1_eta0p10,126.9600,6.7474,2.2412,8.9886
b1_eta0p10,127.4200,6.6916,2.2318,8.9234
b1_eta0p10,127.8800,6.6362,2.2226,8.8588
b1_eta0p10,128.3400,6.5809,2.2137,8.7946
b1_eta0p10,128.8000,6.5258,2.2050,8.7308
b1_eta0p10,129.2600,6.4707,2.1968,8.6675
b1_eta0p10,129.7200,6.4157,2.1889,8.6046
b1_eta0p10,130.1800,6.3607,2.1815,8.5422
b1_eta0p10,130.6400,6.3056,2.1745,8.4802
b1_eta0p10,131.1000,6.2505,2.1681,8.4185
b1_eta0p10,131.5600,6.1952,2.1621,8.3573
b1_eta0p10,132.0200,6.1398,2.1567,8.2965
b1_eta0p10,132.4800,6.0842,2.1518,8.2360
b1_eta0p10,132.9400,6.0285,2.1473,8.1758
b1_eta0p10,133.4000,5.9727,2.1433,8.1160
b1_eta0p10,133.8600,5.9168,2.1397,8.0565
b1_eta0p10,134.3200,5.8608,2.1364,7.9973
b1_eta0p10,134.7800,5.8048,2.1335,7.9383
b1_eta0p10,135.2400,5.7488,2.1308,7.8796
b1_eta0p10,135.7000,5.6928,2.1282,7.8211
b1_eta0p10,136.1600,5.6370,2.1258,7.7627
b1_eta0p10,136.6200,5.5813,2.1233,7.7046
b1_eta0p10,137.0800,5.5258,2.1208,7.6466
b1_eta0p10,137.5400,5.4706,2.1182,7.5888
b1_eta0p10,138.0000,5.4157,2.1154,7.5311
b1_eta0p10,138.4600,5.3612,2.1123,7.4735
b1_eta0p10,138.9200,5.3072,2.1089,7.4160
b1_eta0p10,139.3800,5.2536,2.1050,7.3586
b1_eta0p10,139.8400,5.2006,2.1008,7.3013
