time_au,cl_z,cl_vz
0.0,-15.5,2.71106334010243
0.02,-15.4457787040921,2.711068307571913
0.04,-15.39155726769712,2.711074503170623
0.06,-15.33733572396528,2.711080106471186
0.08,-15.28311406343828,2.711083811343812
0.1,-15.22889237151153,2.711084612401178
0.12,-15.17467067894223,2.711081639494981
0.14,-15.12044910593173,2.711076636673893
0.16,-15.06622761347527,2.711071631334733
0.18,-15.01200624067834,2.711065666323984
0.2,-14.95778498682231,2.71105995282121
0.22,-14.90356384256549,2.711052056066698
0.24,-14.84934290457965,2.711041284298382
0.26,-14.79512219119356,2.711029194465091
0.28,-14.74090173680104,2.711014522734993
0.3,-14.68668161028416,2.710995818830404
0.32,-14.63246190404783,2.710973685394189
0.34,-14.57824266286839,2.710951595655918
0.36,-14.52402384022159,2.710929973712128
0.38,-14.4698054639199,2.710909053963975
0.4,-14.41558747806303,2.71088548452739
0.42,-14.36137004453881,2.710857892001509
0.44,-14.30715316238297,2.710829153366482
0.46,-14.25293687840415,2.710798892246648
0.48,-14.1987212066931,2.710765367000375
0.5,-14.14450626372413,2.710728782400224
0.52,-14.0902920553971,2.710690901980474
0.54,-14.03607862764492,2.710650843741019
0.56,-13.98186602164746,2.710610936698117
0.58,-13.92765419017699,2.710569187183123
0.6,-13.87344325416013,2.7105244028596
0.62,-13.81923321406261,2.710477240989148
0.64,-13.76502416452056,2.71042751890861
0.66,-13.71081611330626,2.710377543063674
0.68,-13.65660906279802,2.710324699414523
0.7000000000000001,-13.60240312532968,2.710269238228598
0.72,-13.54819829326887,2.710213501728642
0.74,-13.49399458526053,2.710158012755255
0.76,-13.43979197275866,2.710101613038171
0.78,-13.38559052073901,2.710041519284705
0.8,-13.33139031198727,2.709978872225628
0.8200000000000001,-13.27719136584998,2.709913695258177
0.84,-13.22299376417695,2.709845859473851
0.86,-13.16879753147103,2.709776872688376
0.88,-13.11460268926941,2.709706942042333
0.9,-13.06040925378933,2.709635996316714
0.92,-13.00621724941674,2.709564914329786
0.94,-12.95202665721614,2.709492484430696
0.96,-12.89783755003952,2.709416711319057
0.98,-12.84364998876338,2.709337211415549
1.0,-12.78946406158289,2.709256298567069
1.02,-12.7352797368207,2.70917420926814
1.04,-12.68109709321217,2.709088920194838
1.06,-12.62691618001291,2.70900211895274
1.08,-12.57273700845406,2.708914029225502
1.1,-12.51855961884389,2.708826978752648
1.12,-12.46438392930395,2.708740237127685
1.14,-12.41021000935878,2.708649048508658
1.16,-12.35603796736361,2.708554421583072
1.18,-12.30186783249546,2.708457653638425
1.2,-12.24769966121807,2.708358770615009
1.22,-12.19353348167086,2.708258258497465
1.24,-12.13936933087817,2.708156272070432
1.26,-12.08520723078804,2.708052492063543
1.28,-12.03104723119563,2.707948641844381
1.3,-11.97688928511426,2.707843953735948
1.32,-11.92273347304619,2.707734536732123
1.34,-11.86857990364498,2.707618904175258
1.36,-11.81442871687918,2.707498852365377
1.38,-11.76027994955036,2.707377491761483
1.4,-11.70613361720872,2.707255322479332
1.42,-11.65198973665119,2.707131250968938
1.44,-11.59784836716997,2.707005826714156
1.46,-11.54370950358263,2.70687920803854
1.48,-11.48957319884843,2.70674952903899
1.5,-11.43543952242107,2.706615407871887
1.52,-11.38130858253355,2.706476207672119
1.54,-11.32718047411418,2.706331770346474
1.56,-11.27305531171969,2.706184321344832
1.58,-11.21893310126039,2.706035171932795
1.6,-11.16481390484238,2.705883831995114
1.62,-11.11069774798059,2.705730157117145
1.64,-11.0565846985577,2.705574357130808
1.66,-11.00247477369535,2.705415528544191
1.68,-10.94836807741593,2.705251512794891
1.7,-10.89426471318356,2.705082582876395
1.72,-10.84016477410088,2.704908712318023
1.74,-10.78606836469084,2.704731215205175
1.76,-10.73197552549267,2.704550451430742
1.78,-10.67788634663361,2.704365134974234
1.8,-10.6238009200937,2.704176845802421
1.82,-10.56971927280151,2.703985727238228
1.84,-10.51564149100417,2.703791080116361
1.86,-10.46156762959686,2.703591984233161
1.88,-10.40749781163484,2.703387489067262
1.9,-10.35343213003417,2.70317739200063
1.92,-10.29937071595482,2.702962569642441
1.94,-10.24531362724847,2.702743848942025
1.96,-10.19126096199714,2.70252178686215
1.98,-10.13721275577399,2.702297142695131
2.0,-10.08316907628933,2.702067844612877
2.02,-10.02913004198947,2.701835755840033
2.04,-9.975095646055731,2.701599144477917
2.06,-9.921066076210352,2.70135737587261
2.08,-9.867041351020829,2.701109495272941
2.1,-9.813021696399437,2.700854317624463
2.12,-9.75900717831585,2.700596793588244
2.14,-9.704997824655909,2.700337372551296
2.16,-9.650993683413798,2.700074388755574
2.18,-9.596994849105684,2.699806575952217
2.2,-9.54300142037571,2.69953606736548
2.22,-9.489013406411066,2.699261667348368
2.24,-9.435030953681776,2.698981812848491
2.26,-9.381054133897129,2.698697020917214
2.28,-9.327083072845086,2.698406344795845
2.3,-9.273117880105293,2.698113389604874
2.32,-9.219158537260892,2.6978190057883
2.34,-9.16520511987376,2.697521172136919
2.36,-9.111257690375416,2.697220143003863
2.38,-9.057316314153606,2.696916115905624
2.4,-9.003381045739191,2.696607388333722
2.42,-8.949452018620258,2.696293068317885
2.44,-8.895529323006475,2.695975331856304
2.46,-8.841613005346005,2.695655271946403
2.48,-8.787703112128618,2.695332978647456
2.5,-8.733799686200106,2.695007801142568
2.52,-8.679902800082916,2.694678996331583
2.54,-8.626012526346843,2.69434720527762
2.56,-8.572128911871811,2.694012259104012
2.58,-8.518252035982684,2.693673588013768
2.6,-8.464381968351262,2.693331086239139
2.62,-8.41051879253312,2.692986467549478
2.64,-8.356662509649283,2.69264010734741
2.66,-8.302813188239222,2.692291379795384
2.68,-8.248970854457466,2.691941086078095
2.7,-8.195135544796099,2.691587963223304
2.72,-8.141307335928534,2.691232530746579
2.74,-8.087486243566234,2.690874566677078
2.76,-8.03367235326145,2.690513704322884
2.78,-7.979865695393318,2.690151085911092
2.8,-7.926066309825006,2.689787240043439
2.82,-7.87227420579158,2.689420554735659
2.84,-7.818489487635579,2.6890500882833
2.86,-7.764712202260248,2.688680039764474
2.88,-7.710942286045,2.688310215773282
2.9,-7.657179793629317,2.687939192191216
2.92,-7.603424718357352,2.687565575962512
2.94,-7.549677170590816,2.68718865307675
2.96,-7.495937172234282,2.686808809614544
2.98,-7.442204818206235,2.6864271048278
3.0,-7.388480088041169,2.686045109490055
3.02,-7.334763013826632,2.685662809497952
3.04,-7.281053575661251,2.685282081344779
3.06,-7.227351730572841,2.684900405409565
3.08,-7.173657559444869,2.684517090438961
3.1,-7.119971046955282,2.68413237648705
3.12,-7.066292264385386,2.683746286324275
3.14,-7.012621195502311,2.683357858396574
3.16,-6.958957950049523,2.682966788147187
3.18,-6.905302523976424,2.682576031194261
3.2,-6.851654908801753,2.682184662565933
3.22,-6.798015137473786,2.68179335188363
3.24,-6.744383174726408,2.681402225323957
3.26,-6.690759048460829,2.681008617623923
3.28,-6.637142830021452,2.680614020433961
3.3,-6.583534487643471,2.680219313051248
3.32,-6.529934057499402,2.679823211024849
3.34,-6.476341559202477,2.679425784644899
3.36,-6.422757026113606,2.679028516544113
3.38,-6.369180418540712,2.678630623112957
3.4,-6.315611801189088,2.678230832355094
3.42,-6.262051185246508,2.677831854443414
3.44,-6.208498527011352,2.677432429002248
3.46,-6.154953888086419,2.677032641710415
3.48,-6.101417221342935,2.676631970116921
3.5,-6.047888609281742,2.67622949409152
3.52,-5.994368041579274,2.675825554813112
3.54,-5.940855587089217,2.675420394513326
3.56,-5.887351225798741,2.675015180422153
3.58,-5.833854979872331,2.67461055937885
3.6,-5.780366803423587,2.67420706402428
3.62,-5.72688669731136,2.67380168251604
3.64,-5.673414736122946,2.67339577451527
3.66,-5.61995086633075,2.672989380255987
3.68,-5.566495160912706,2.672581967208088
3.7,-5.513047587642426,2.672173158349173
3.72,-5.459608234578739,2.671762065070525
3.74,-5.406177105039604,2.671352250312863
3.76,-5.352754144566224,2.670941425355152
3.78,-5.299339448025398,2.670528606428964
3.8,-5.245933000309066,2.670115485050622
3.82,-5.192534828623374,2.669701206577861
3.84,-5.139144952045951,2.669286466934226
3.86,-5.085763369946005,2.668871226365634
3.88,-5.032390102991326,2.668455014272347
3.9,-4.97902516937511,2.668037470238605
3.92,-4.925668604181782,2.66761936262733
3.94,-4.872320394870018,2.66719977467302
3.96,-4.818980613194861,2.66677725429658
3.98,-4.765649304698155,2.66635422809249
4.0,-4.712326444071162,2.66593002085474
4.02,-4.659012103863965,2.665505113814291
4.04,-4.60570623951859,2.66508033013758
4.06,-4.552408890658462,2.664654706425501
4.08,-4.499120051261571,2.664228017480207
4.1,-4.445839769959254,2.663799636457802
4.12,-4.392568065803259,2.663369611575286
4.14,-4.339304985496243,2.662938271126449
4.16,-4.286050534958201,2.662504979327619
4.18,-4.232804786323138,2.662070005144034
4.2,-4.179567734752439,2.661634922091362
4.22,-4.126339389439483,2.661198815952173
4.24,-4.073119782114352,2.660761259864353
4.26,-4.019908939044909,2.660323689305999
4.28,-3.966706834542113,2.659885202231637
4.3,-3.913513530955644,2.659444672609189
4.32,-3.860329047637745,2.659002461469474
4.34,-3.807153432496865,2.658558230560451
4.36,-3.753986718415327,2.658111784663595
4.38,-3.700828961110322,2.65766245532775
4.4,-3.647680220202217,2.657212549032179
4.42,-3.594540459149034,2.656763359905316
4.44,-3.541409685806004,2.656313225611449
4.46,-3.488287930124576,2.655861475870568
4.48,-3.435175226771181,2.655407264024984
4.5,-3.382071639563577,2.654950655254973
4.52,-3.328977200560983,2.65449210764683
4.54,-3.275891955257703,2.65403119285204
4.56,-3.222815952846901,2.65356895280052
4.58,-3.169749197145682,2.653105935449373
4.600000000000001,-3.116691715428926,2.65264122075137
4.62,-3.063643548315627,2.652175433572039
4.64,-3.010604698086044,2.65170890074367
4.66,-2.95757519228588,2.651240367044502
4.68,-2.904555083404264,2.650771470056951
4.7,-2.851544333483602,2.65030115385381
4.72,-2.798543037250111,2.64982661841283
4.74,-2.745551268747089,2.649349919369743
4.76,-2.692569040475322,2.648872659805141
4.78,-2.639596362354883,2.648393704930679
4.8,-2.586633292278095,2.647913977449243
4.82,-2.533679803256914,2.647434077439838
4.84,-2.480735929180501,2.646952824908901
4.86,-2.427801690260558,2.646469038688891
4.88,-2.374877167632946,2.645982937091752
4.9,-2.321962372776888,2.645494630414833
4.92,-2.269057382416352,2.645003583132748
4.94,-2.216162229451578,2.644510774938452
4.96,-2.163276951418815,2.644017143543774
4.98,-2.110401543709827,2.64352263154391
5.0,-2.057536046157058,2.643027389709672
5.02,-2.00468044812144,2.64253208369901
5.04,-1.951834762809098,2.642034740752391
5.06,-1.898999058491345,2.641536201103644
5.08,-1.846173314764952,2.641037034854842
5.100000000000001,-1.793357577097151,2.640534069710245
5.12,-1.740551951976542,2.640029263621092
5.14,-1.687756406552307,2.639524167536413
5.16,-1.634970985275086,2.639017535451771
5.18,-1.582195705134237,2.638509908679702
5.2,-1.529430588927897,2.6380009912553
5.22,-1.476675665484025,2.637491538934786
5.24,-1.423930927370506,2.636981087465762
5.26,-1.371196421985394,2.636468920220957
5.28,-1.318472170561668,2.635954149420102
5.3,-1.26575825600859,2.635437080813428
5.32,-1.21305468732913,2.634918800020341
5.34,-1.160361504007776,2.634399231117566
5.36,-1.107678718084428,2.633878557779457
5.38,-1.055006361696598,2.633357291078785
5.4,-1.002344426441276,2.632835989240025
5.42,-0.9496929221269969,2.632312694993229
5.44,-0.8970519186415472,2.631788171191841
5.46,-0.8444213952793231,2.631263604385645
5.48,-0.7918013744661214,2.630736328753185
5.5,-0.7391919421291958,2.630207373293301
5.52,-0.6865930795343894,2.629677663460108
5.54,-0.6340048355907915,2.629146154707787
5.56,-0.5814272333460779,2.628613392775183
5.58,-0.5288602998797842,2.62807936511927
5.600000000000001,-0.4763040587413072,2.627544886548814
5.62,-0.4237585044178316,2.627010070770077
5.64,-0.3712236559105041,2.626474094313858
5.66,-0.3186995406452774,2.625936644442084
5.68,-0.2661861901328207,2.625397249516093
5.7,-0.2136836506646337,2.624856270061033
5.72,-0.1611919393303794,2.624314634869636
5.74,-0.1087110652698482,2.623771402667912
5.76,-0.0562410832236629,2.623226938349441
5.78,-0.0037819877358705,2.622681943778141
5.8,0.0486661945274627,2.622135069676881
5.82,0.1011034150512047,2.621587376882048
5.84,0.1535296896027447,2.621040282458404
5.86,0.2059450263495408,2.620491443012839
5.88,0.2583493473232583,2.61994015658918
5.9,0.310742632613108,2.619387960311768
5.92,0.363124865735729,2.618834181126294
5.94,0.4154959998581598,2.618279588928571
5.96,0.4678560492928718,2.617724211136542
5.98,0.5202049683036215,2.617166957634544
6.0,0.5725427275982536,2.616609085009296
6.02,0.6248693317039934,2.616050450899342
6.04,0.6771847456342274,2.615491066882906
6.06,0.7294889743793097,2.614930046281107
6.08,0.7817819474854717,2.614367753163882
6.100000000000001,0.834063684505865,2.613806126664007
6.12,0.8863341925520319,2.61324251086636
6.140000000000001,0.9385933849405194,2.612676596353825
6.16,0.9908412564061848,2.612109510476233
6.18,1.043077765359569,2.61154051573616
6.2,1.095302877035631,2.610970854991488
6.22,1.147516599559228,2.610401654293832
6.24,1.199718943207384,2.609831554554169
6.26,1.251909861741395,2.609259405306163
6.28,1.304089319419631,2.608686290113378
6.3,1.35625731334593,2.608111305777525
6.32,1.408413771650732,2.607535150173183
6.34,1.460558719352857,2.606958589642299
6.36,1.512692115236424,2.606379520812437
6.38,1.564813900185355,2.605799727703932
6.4,1.616924104344581,2.605220779782303
6.42,1.669022731376647,2.604640651784563
6.44,1.721109730415964,2.604058748489379
6.46,1.773185081316222,2.603476655420279
6.48,1.825248796632775,2.602893969258149
6.5,1.877300840086548,2.602309266191757
6.52,1.929341167280445,2.601723283331798
6.54,1.98136977141982,2.601135276601762
6.56,2.033386578344516,2.60054499059689
6.58,2.085391571043695,2.599954581645827
6.600000000000001,2.137384761610349,2.59936422580418
6.62,2.189366140075863,2.598772987275409
6.640000000000001,2.241335681101365,2.598179877763953
6.66,2.293293335186421,2.597586547988327
6.68,2.345239143020898,2.596992485895554
6.7,2.397173034622243,2.596395912645979
6.72,2.449094979526737,2.595798830462632
6.74,2.501004987840748,2.59520073980986
6.76,2.552903009119131,2.594600707497389
6.78,2.604789016140643,2.594000178087625
6.8,2.656663016242636,2.593399068579712
6.82,2.708524978883831,2.592797579021199
6.84,2.760374919403484,2.592194362122517
6.86,2.812212753368732,2.591590006724725
6.88,2.864038519672473,2.590985093110602
6.9,2.915852157093156,2.590377933058337
6.92,2.967653636994807,2.589769236101327
6.94,3.019442926537209,2.589158751327666
6.96,3.071219987047913,2.588548378456254
6.98,3.12298486167546,2.587938182246712
7.0,3.174737514337782,2.587326955893302
7.02,3.226477939911192,2.58671492543753
7.04,3.278206111355283,2.586102530502396
7.06,3.329922041131288,2.585489471582924
7.08,3.3816256902186,2.584875046084991
7.100000000000001,3.433317042974687,2.584259820834983
7.12,3.484996083051999,2.583642464494675
7.140000000000001,3.536662741554474,2.583022956003747
7.16,3.588317001292149,2.582403188022461
7.18,3.639958869075373,2.581783641481993
7.2,3.691588346951428,2.581163349711486
7.22,3.743205403063832,2.580541980740919
7.24,3.794810026181065,2.579920742236967
7.26,3.84640223275331,2.579298834383622
7.28,3.89798197955641,2.578674881982921
7.3,3.949549228032627,2.578049971165168
7.32,4.001103978403017,2.577425321063542
7.34,4.052646240875169,2.576799259983307
7.36,4.104175948802348,2.576171700712399
7.38,4.155693108903664,2.575543398927716
7.4,4.207197684759457,2.574915263300724
7.42,4.258689719435694,2.574286161690644
7.44,4.310169131227083,2.573655051857047
7.46,4.361635921509975,2.573023910557367
7.48,4.413090087649377,2.572391665687886
7.5,4.46453158813749,2.571757886131526
7.52,4.515960403094637,2.571123663366714
7.54,4.567376534672158,2.570488982083456
7.56,4.618779962377976,2.569853572551748
7.58,4.670170677574228,2.569216614467249
7.600000000000001,4.721548626956666,2.568578665445713
7.62,4.772913824192057,2.567940451980803
7.640000000000001,4.824266245035898,2.567301266471139
7.66,4.875605874850902,2.566661996547187
7.68,4.926932724897785,2.566021486494446
7.7,4.97824673431068,2.565379361271032
7.72,5.029547899348627,2.564736084043798
7.74,5.080836177672432,2.564092497335427
7.76,5.132111599242044,2.563448726868215
7.78,5.183374126747161,2.562803025012399
7.8,5.23462372024254,2.562156343918938
7.82,5.285860380503919,2.561509157616882
7.84,5.337084086547216,2.560860142702019
7.86,5.388294786212,2.560210859878083
7.88,5.439492520942339,2.559561815841125
7.9,5.490677258845644,2.558912621976411
7.92,5.541849025821395,2.558261716023586
7.94,5.593007727486587,2.557608747875165
7.96,5.644153375736401,2.556954677691932
7.98,5.695285914594264,2.556298883101755
8.0,5.746405331060472,2.55564195591403
8.02,5.797511592830826,2.5549837394095
8.040000000000001,5.848604680636852,2.554325632958297
8.06,5.899684618149158,2.553667039955816
8.08,5.950751362235085,2.55300672988837
8.1,6.001804887344694,2.552346328402245
8.120000000000001,6.052845215371175,2.551684228327905
8.14,6.10387225647781,2.551019199487968
8.16,6.154885983350693,2.550352182584336
8.18,6.205886343781183,2.549684297540246
8.2,6.256873355252303,2.549015536899208
8.22,6.307846965257151,2.548344616011447
8.24,6.358807139892761,2.547673403918671
8.26,6.409753901413898,2.547000959378564
8.28,6.460687178267904,2.546327057567242
8.3,6.511606983716588,2.545653532821497
8.32,6.562513319580764,2.544977755254594
8.34,6.613406093926772,2.544298178013079
8.36,6.664285246701287,2.543616521812873
8.38,6.715150754799287,2.54293339096398
8.4,6.766002582339846,2.542248333728613
8.42,6.816840688148431,2.541562235120491
8.44,6.867665071744665,2.540875885526337
8.46,6.918475723569484,2.540188048625629
8.48,6.96927259368969,2.539499088088292
8.5,7.020055687093016,2.538808476976992
8.52,7.07082493276877,2.538115576143377
8.540000000000001,7.121580310138751,2.537420490454277
8.56,7.172321752386941,2.536721750726737
8.58,7.223049180167821,2.536020449578974
8.6,7.2737625703701,2.535316533428953
8.620000000000001,7.324461841504978,2.534611671443241
8.64,7.375147037227829,2.533907425309135
8.66,7.425818138517343,2.533201120968982
8.68,7.476475082066588,2.5324928004612
8.700000000000001,7.527117850535791,2.53178343603162
8.72,7.577746419507853,2.531071509903946
8.74,7.628360710931949,2.530355841798284
8.76,7.678960653179784,2.529636981017183
8.78,7.729546190172636,2.528915743747276
8.8,7.780117282929675,2.528191056286107
8.82,7.83067383242408,2.527464830162013
8.84,7.881215876136155,2.526739668888117
8.86,7.931743419179604,2.52601276271225
8.88,7.982256386644645,2.52528382899762
8.9,8.032754772339509,2.524552537684718
8.92,8.083238488152032,2.523817901237648
8.94,8.133707488389014,2.523080649772513
8.96,8.184161714142933,2.522340386226445
8.98,8.234601103838072,2.521597611832968
9.0,8.285025618616253,2.52085177723649
9.02,8.335435174927532,2.520104774704142
9.04,8.385829809604418,2.519358513506102
9.06,8.436209515467777,2.518610171110473
9.08,8.486574216448838,2.51786001996594
9.1,8.536923916266415,2.517107145946007
9.12,8.587258502286678,2.516351510401632
9.14,8.63757797668248,2.515594029084885
9.16,8.687882263450073,2.5148333907573
9.18,8.73817131231277,2.51407121023396
9.2,8.788445111859431,2.51330638151288
9.22,8.838703567573287,2.512540189534758
9.24,8.888946719440822,2.511774519405996
9.26,8.939174548349527,2.511006935849706
9.28,8.98938699687481,2.510238307461027
9.3,9.039584080647968,2.509466786338661
9.32,9.089765668328358,2.508692756775586
9.34,9.139931790918991,2.507917795123007
9.36,9.190082380133278,2.50714010314504
9.38,9.240217395044796,2.506361607083729
9.4,9.290336844416627,2.505581588217948
9.42,9.340440658573511,2.50480090648907
9.44,9.39052888067619,2.504020879737515
9.46,9.440601493763012,2.503239539410746
9.48,9.49065846225262,2.502458197023492
9.5,9.540699821643951,2.501674529233969
9.52,9.59072544342198,2.500888731973611
9.54,9.640735370922895,2.500102970854398
9.56,9.690729562256156,2.499315528226709
9.58,9.740707992051966,2.498528157666864
9.6,9.79067068856283,2.497740499217341
9.62,9.84061761202066,2.496953342074528
9.64,9.890548822245812,2.496167411965346
9.66,9.940464308499276,2.495380778250182
9.68,9.99036405337582,2.494594594456517
9.7,10.04024809227754,2.493806872627539
9.72,10.09011632828092,2.493018482644819
9.74,10.13996883158333,2.492231572494335
9.76,10.1898055911807,2.491444390920745
9.78,10.23962660722016,2.490658669065068
9.8,10.2894319379433,2.489873804637978
9.82,10.33922155940568,2.489090501566797
9.84,10.38899555800597,2.488309521506009
9.86,10.43875394026592,2.487528334425373
9.88,10.48849669138299,2.486747786169825
9.9,10.53822385171271,2.485967218423547
9.92,10.58793538011993,2.485188184300403
9.94,10.63763137908473,2.484412094727892
9.96,10.68731186390904,2.483637123606527
9.98,10.73697686402899,2.482864935565529
10.0,10.78662646133166,2.482095103209966
10.02,10.83626066815739,2.481328017693312
10.04,10.8858795820394,2.480564734610584
10.06,10.93548325754181,2.479802904048791
10.08,10.98507169820135,2.479042057251564
10.1,11.03464493983187,2.47828259118088
10.12,11.08420300184858,2.477526108577819
10.14,11.13374598417499,2.476774037464461
10.16,11.18327396334716,2.476025055987281
10.18,11.23278698641448,2.47527957205249
10.2,11.28228514622926,2.474537255750087
10.22,11.33176847664448,2.473798999771897
10.24,11.38123710622014,2.473065818245841
10.26,11.43069110937431,2.472335609855918
10.28,11.48013053061437,2.471606684927325
10.3,11.52955537677141,2.470879883639697
10.32,11.57896572595996,2.470158331461473
10.34,11.62836171002986,2.469442377244731
10.36,11.67774342104975,2.468731074668168
10.38,11.72711095301659,2.468024327470292
10.4,11.77646439414856,2.467321921521378
10.42,11.82580382987745,2.466624766427065
10.44,11.87512938480564,2.4659329726107
10.46,11.92444114878188,2.465245159962105
10.48,11.97373919120413,2.464560201796726
10.5,12.02302355685375,2.463877631399354
10.52,12.0722942964601,2.463201045860568
10.54,12.12155159868817,2.462531329762673
10.56,12.17079554965061,2.461867150358472
10.58,12.22002628470251,2.461208352231112
10.6,12.26924388373986,2.46055525897013
10.62,12.31844849506131,2.45990791653923
10.64,12.36764020040142,2.459265213904747
10.66,12.4168191036175,2.458626788440071
10.68,12.46598527193903,2.457991641967639
10.7,12.51513876929621,2.457360345545442
10.72,12.56427968576084,2.456735403317806
10.74,12.61340818542892,2.456117804668429
10.76,12.66252439794758,2.45550624733461
10.78,12.7116284353223,2.454899580807436
10.8,12.76072038117988,2.454298232821398
10.82,12.80980036463516,2.453702708968204
10.84,12.85886848953861,2.453112014804052
10.86,12.90792484522732,2.452526783613684
10.88,12.95696956088315,2.451945787583713
10.9,13.00600267673067,2.451368659134707
10.92,13.05502430724854,2.450797526822487
10.94,13.10403457780357,2.45023333450719
10.96,13.15303364062883,2.449675209517649
10.98,13.20202158618427,2.449121813524021
11.0,13.25099851316979,2.448573876802675
11.02,13.29996454125638,2.448030639846357
11.04,13.34891973876364,2.447492078703954
11.06,13.39786422440454,2.44695941054053
11.08,13.44679811518527,2.446431270614789
11.1,13.49572147522913,2.445906571782398
11.12,13.54463437805656,2.445386942820561
11.14,13.59353695294195,2.444874808245708
11.16,13.64242937038639,2.444368401296082
11.18,13.6913116889938,2.443866810286166
11.2,13.74018404279784,2.443370003349593
11.22,13.78904648912778,2.442876688664467
11.24,13.83789911034441,2.44238692467161
11.26,13.88674196611464,2.441902182637463
11.28,13.93557519764991,2.441423479808959
11.3,13.984398905307,2.440948167502539
11.32,14.03321312435001,2.440477147748619
11.34,14.08201799121695,2.440011693834595
11.36,14.1308135921034,2.43955157361861
11.38,14.17960005416169,2.439097326217123
11.4,14.22837748515208,2.438647014974058
11.42,14.27714593476065,2.43819980341014
11.44,14.32590547728849,2.437755737601651
11.46,14.37465616426472,2.437314782785389
11.48,14.4233980685999,2.436878205981473
11.5,14.47213129250398,2.436445174023464
11.52,14.52085587556084,2.436015571039543
11.54,14.56957191534556,2.435591264664047
11.56,14.6182795261474,2.435171920369034
11.58,14.66697879216032,2.434756885036943
11.6,14.71566980154888,2.434344574608528
11.62,14.76435257514466,2.433935347443164
11.64,14.81302721544661,2.433529490141983
11.66,14.86169375475034,2.43312596240129
11.68,14.91035225394266,2.432726369431485
11.7,14.9590028095276,2.432329103273021
11.72,15.00764541807358,2.431935718043905
11.74,15.05628023824936,2.431547512784825
11.76,15.10490731858497,2.431162521489992
11.78,15.15352673910896,2.430780919315485
11.8,15.20213855535759,2.430402098417924
11.82,15.25074282304567,2.430026385483955
11.84,15.29933961077695,2.429653010009625
11.86,15.34792894344606,2.429280891303129
11.88,15.39651084642908,2.42891122715312
11.9,15.44508539253218,2.428545061728383
11.92,15.49365264889821,2.428182464885143
11.94,15.54221269112759,2.427822915108845
11.96,15.59076556550257,2.427466383357673
11.98,15.6393113464619,2.427113923118428
12.0,15.6878501224273,2.426764329871821
12.02,15.73638191965677,2.426416196545657
12.04,15.78490677028913,2.42606977115
12.06,15.83342471050277,2.425724384214917
12.08,15.88193574565773,2.425380641471861
12.1,15.93043993616164,2.425040420842365
12.12,15.97893736249142,2.424703009268439
12.14,16.02742805653238,2.424369015962978
12.16,16.07591212312994,2.424037741860584
12.18,16.1243895662068,2.423708132632225
12.2,16.17286044843523,2.42338165997525
12.22,16.22132483260582,2.423055812367283
12.24,16.26978268092992,2.422730462369365
12.26,16.31823405110059,2.422406971414428
12.28,16.3666789597865,2.422084964188921
12.3,16.41511744966814,2.421765326789358
12.32,16.46354957285807,2.421447464524629
12.34,16.51197534824913,2.421132984280072
12.36,16.56039489222927,2.420820889847661
12.38,16.60880818384303,2.420509783622004
12.4,16.65721528357415,2.420201358837386
12.42,16.70561623819653,2.419894122091824
12.44,16.75401104845782,2.419587816585465
12.46,16.80239975085995,2.419282639920829
12.48,16.85078235405466,2.418977970922413
12.5,16.89915886969684,2.418674805458134
12.52,16.94752934627298,2.418373969764934
12.54,16.99589382848744,2.418075895239725
12.56,17.04425238208257,2.41777893908066
12.58,17.09260498605067,2.417482194060539
12.6,17.14095166984499,2.417188677517017
12.62,17.18929253315135,2.416896815970544
12.64,17.23762754248382,2.416604311271361
12.66,17.28595670560221,2.416312714479101
12.68,17.33428005106298,2.416022027183411
12.7,17.38259758668955,2.415732004983488
12.72,17.43090933126232,2.415444565028979
12.74,17.47921536929071,2.41515998400416
12.76,17.52751573062249,2.414877222418646
12.78,17.57581045818745,2.414594392461466
12.8,17.62409950632095,2.414312108315163
12.82,17.67238294252006,2.414032034789373
12.84,17.72066078771253,2.413751130674773
12.86,17.76893298774705,2.413470012587155
12.88,17.81719958821601,2.413190677907675
12.9,17.86546061486336,2.412912327573012
12.92,17.91371608131893,2.412635048390541
12.94,17.96196601679898,2.412358892070349
12.96,18.01021043700175,2.412085452770009
12.98,18.05844943490978,2.41181292644729
13.0,18.10668295405964,2.411540275309777
13.02,18.15491104592218,2.411269381849762
13.04,18.20313372933364,2.410998373531387
13.06,18.25135098086343,2.410726963286429
13.08,18.29956280786509,2.410456922274002
13.1,18.34776925775439,2.410187486883999
13.12,18.39597030734045,2.409917748975966
13.14,18.44416596771343,2.409649591765852
13.16,18.49235629101108,2.40938450256703
13.18,18.54054134781611,2.409120131239127
13.2,18.58872109626065,2.408853839636609
13.22,18.63689550140158,2.408588835692144
13.24,18.68506464968834,2.40832570593916
13.26,18.73322852963914,2.408060851612833
13.28,18.78138708375285,2.407795633844697
13.3,18.82954035499293,2.407531677052234
13.32,18.87768835083494,2.40726896002211
13.34,18.92583111339382,2.407008417910679
13.36,18.97396868755137,2.406748988558442
13.38,19.02210107293615,2.406490539815709
13.4,19.070228309144,2.406231929722789
13.42,19.11835035012507,2.405973281339238
13.44,19.16646724039757,2.405714979782308
13.46,19.21457894931636,2.405455590462414
13.48,19.26268546401606,2.405195697046899
13.5,19.31078677719823,2.404936421365818
13.52,19.35888292087069,2.404678804040829
13.54,19.40697392935987,2.404422192081374
13.56,19.45505980855395,2.404165630572736
13.58,19.50314055458278,2.403910178931905
13.6,19.55121621571123,2.403656017613421
13.62,19.59928679528732,2.4034019050685
13.64,19.64735229191397,2.403147921324869
13.66,19.69541271214031,2.402893789795262
13.68,19.74346804350578,2.402638681221549
13.7,19.79151825938917,2.402384411217121
13.72,19.83956341995446,2.402131126951732
13.74,19.88760350446724,2.401878126463239
13.76,19.93563854501299,2.401625878470293
13.78,19.98366853960605,2.401373945637625
13.8,20.0316935028385,2.401123545940147
13.82,20.07971348144366,2.400873298979678
13.84,20.12772843479769,2.400622629750916
13.86,20.1757383866337,2.400372541168274
13.88,20.22374333644442,2.400121743052201
13.9,20.27174325635578,2.399870458267917
13.92,20.31973815477513,2.399620548780507
13.94,20.367728078307,2.399372038064404
13.96,20.41571303629771,2.399123644608235
13.98,20.46369302409133,2.398874867959822
14.0,20.5116680310161,2.398627133921043
14.02,20.55963810944818,2.398380463269219
14.04,20.60760324954687,2.398133822776126
14.06,20.65556346235922,2.397886925531769
14.08,20.70351872656815,2.397640355617459
14.1,20.75146907658392,2.397393615708015
14.12,20.79941447119647,2.397147357839498
14.14,20.8473549708975,2.39690160288233
14.16,20.89529053531176,2.396655177508608
14.18,20.94322117799785,2.396408796552142
14.2,20.99114688717384,2.396162487020172
14.22,21.03906767747865,2.39591734059867
14.24,21.08698358079779,2.395672898029562
14.26,21.13489459339984,2.395427998778271
14.28,21.18280070074892,2.395183638309834
14.3,21.23070193893223,2.394939830716576
14.32,21.27859829397758,2.39469630317368
14.34,21.32648979105917,2.394453513633312
14.36,21.37437643452292,2.394210769977195
14.38,21.42225822185826,2.393967808878688
14.4,21.47013514687806,2.393724270022114
14.42,21.51800719265914,2.393481384137021
14.44,21.56587440224354,2.393239206114942
14.46,21.61373676090374,2.392996576627286
14.48,21.66159426530863,2.392754429528734
14.5,21.70944693808489,2.392513968755738
14.52,21.75729482405886,2.392273328166987
14.54,21.80513787121157,2.392032128521085
14.56,21.85297610919971,2.391791566836923
14.58,21.90080953388505,2.391550527024742
14.6,21.94863813028069,2.391308529020226
14.62,21.99646187504585,2.391066209122752
14.64,22.0442807786456,2.39082491850847
14.66,22.09209487178619,2.390585009702983
14.68,22.13990417903372,2.390345239739751
14.7,22.18770868137578,2.390106098670628
14.72,22.23550842298055,2.389868142359016
14.74,22.28330340707015,2.389630748433848
14.76,22.3310936529179,2.38939295948741
14.78,22.37887912544964,2.389154240036851
14.8,22.42665982251938,2.388915819770233
14.82,22.47443575824045,2.388677081996693
14.84,22.52220690579925,2.388438518331335
14.86,22.56997329897371,2.388200102799005
14.88,22.61773490991121,2.387961330167775
14.9,22.66549175218042,2.387723611978867
14.92,22.71324385439036,2.387488232000451
14.94,22.76099128146044,2.3872531159434
14.96,22.8087339790281,2.387016901544458
14.98,22.85647195752222,2.386780702261948
15.0,22.90420520711858,2.386543832831182
15.02,22.95193371083547,2.386306188894789
15.04,22.99965745467437,2.386068796812507
15.06,23.04737646270797,2.385831967943838
15.08,23.09509073339213,2.385595547266559
15.1,23.14280028459863,2.385359651234644
15.12,23.19050511944151,2.385125178157589
15.14,23.23820529172493,2.384892338713822
15.16,23.28590081299006,2.38465948955386
15.18,23.33359167130709,2.384425547835225
15.2,23.38127783490348,2.384190652275331
15.22,23.4289592973981,2.383956261284053
15.24,23.47663608535484,2.383722094016875
15.26,23.52430818115878,2.383487695979144
15.28,23.571975593194,2.383252712859215
15.3,23.61963828967314,2.383017635361131
15.32,23.66729629860845,2.382784693927637
15.34,23.71494967743025,2.382554342052498
15.36,23.76259847229055,2.382323571453645
15.38,23.8102426202884,2.382090981006406
15.4,23.8578821115308,2.38185823512126
15.42,23.90551694969324,2.38162528076685
15.44,23.95314712276148,2.381392020346895
15.46,24.00077263050712,2.381159322192115
15.48,24.04839349564916,2.380926797043573
15.5,24.09600970238886,2.380694165944054
15.52,24.14362126228692,2.380462081746361
15.54,24.19122818565871,2.380231302971616
15.56,24.23883051440578,2.380001569309866
15.58,24.28642824843111,2.379771092967184
15.6,24.33402135812447,2.379539671147257
15.62,24.381609835277,2.379308074544194
15.64,24.42919368110624,2.379077476063256
15.66,24.47677293431953,2.378847539506497
15.68,24.5243475826865,2.378616948284241
15.7,24.5719176122509,2.378385237087282
15.72,24.61948299216999,2.378153534865183
15.74,24.66704375364551,2.377923621913722
15.76,24.71459993704654,2.377695253509668
15.78,24.7621515637859,2.377466054514245
15.8,24.80969857922711,2.377235386579984
15.82,24.8572409792491,2.377005226629251
15.84,24.90477878829228,2.376775714047086
15.86,24.95231200781098,2.376546510819914
15.88,24.99984064872508,2.376317354592007
15.9,25.04736470199466,2.376087930105971
15.92,25.09488416592932,2.375858459525785
15.94,25.14239904037569,2.375629047879201
15.96,25.18990932784449,2.375400307136184
15.98,25.23741505266114,2.375171903975071
16.0,25.28491620400349,2.374941935030934
16.02,25.33241273006238,2.37471113984142
16.04,25.37990464959715,2.374481843379069
16.06,25.42739200379754,2.374254060510295
16.08,25.47487481201756,2.374026435881297
16.1,25.52235306123279,2.373798041617384
16.12,25.56982673368225,2.373568784313126
16.14,25.61729581260531,2.37334014236972
16.16,25.66476033937704,2.373112227795368
16.18,25.71222030171713,2.372883880932958
16.2,25.75967569461436,2.372654567141253
16.22,25.80712648440278,2.372424383595305
16.24,25.85457266995817,2.372195301912751
16.26,25.90201429647929,2.371967692538176
16.28,25.9494513776597,2.37174070981848
16.3,25.99688392487203,2.371513260839546
16.32,26.04431190809328,2.371286128605685
16.34,26.09173537001626,2.371059560228323
16.36,26.13915429050241,2.370831916052536
16.38,26.18656864665836,2.370603698908555
16.4,26.23397843845876,2.370375089796889
16.42,26.28138365025023,2.37014471729618
16.44,26.3287842271506,2.369914216113512
16.46,26.37618021889477,2.369686253609107
16.48,26.42357167729497,2.369459384574856
16.5,26.47095859427777,2.369231923885198
16.52,26.51834095425038,2.36900478310683
16.54,26.56571878560205,2.368777670446824
16.56,26.61309206106825,2.368550657896207
16.58,26.6604608119179,2.368323669794737
16.6,26.70782500786004,2.368094879139216
16.62,26.75518460708346,2.367865326931637
16.64,26.80253962093731,2.367635608815688
16.66,26.84989003143609,2.36740664856126
16.68,26.89723588687976,2.36717940427797
16.7,26.94457720760721,2.366952942426953
16.72,26.99191400457684,2.366725985790183
16.74,27.03924624703882,2.366499134234132
16.76,27.08657396994621,2.366272996206371
16.78,27.13389716688708,2.366046392986505
16.8,27.18121582566567,2.365818900402775
16.82,27.22852992290319,2.365590696837322
16.84,27.27583945353916,2.365361396505905
16.86,27.32314437876342,2.365131906006862
16.88,27.37044472977944,2.364904459547566
16.9,27.41774055714533,2.364678074951174
16.92,27.46503185277749,2.364451070721629
16.94,27.5123185999742,2.364224494051592
16.96,27.55960083253955,2.363998293001844
16.98,27.60687853169427,2.363771950512689
17.0,27.65415171056006,2.363545502410559
17.02,27.70142035179069,2.363317551883314
17.04,27.74868441263539,2.363089342767417
17.06,27.79594392550139,2.36286099678443
17.08,27.84319885250677,2.362632932377585
17.1,27.89044924279649,2.362406262154154
17.12,27.93769510299293,2.362179917956806
17.14,27.98493643951477,2.361953050583374
17.16,28.03217322501627,2.361726416069291
17.18,28.07940549615754,2.361500559910137
17.2,28.12663324741268,2.361274575941306
17.22,28.17385647919519,2.361048092237389
17.24,28.22107517110217,2.360820647012551
17.26,28.26828930507569,2.360593332767494
17.28,28.31549890441287,2.360366330229135
17.3,28.36270395828486,2.360140116841031
17.32,28.40990450908652,2.359914715969192
17.34,28.45710054692363,2.359689322934662
17.36,28.5042920820039,2.359464466752014
17.38,28.55147912559371,2.35924061020135
17.4,28.59866170641196,2.35901655902137
17.42,28.64583978795457,2.358791662104338
17.44,28.69301337289613,2.358566612152194
17.46,28.74018245244066,2.358342108869504
17.48,28.78734705725092,2.358116976959709
17.5,28.83450713151905,2.357891212118264
17.52,28.88166270573565,2.357666709354229
17.54,28.92881379989322,2.357442521504775
17.56,28.97596040659584,2.357217354728397
17.58,29.02310249408235,2.356992995483213
17.6,29.07024012641516,2.356769528028038
17.62,29.11737327520347,2.356545955297072
17.64,29.16450196462705,2.356323024935305
17.66,29.21162619620089,2.35609967565071
17.68,29.25874595165308,2.355876763408493
17.7,29.30586126673723,2.355653664045262
17.72,29.35297209821489,2.355430337628112
17.74,29.40007848024235,2.355207708633139
17.76,29.44718040656022,2.35498519059415
17.78,29.49427788786612,2.354763061046982
17.8,29.5413709290021,2.354541950505623
17.82,29.58845956588634,2.354321811724928
17.84,29.63554380147109,2.35410153262352
17.86,29.68262362719128,2.353880704674854
17.88,29.72969902965809,2.353660524313037
17.9,29.7767700481638,2.353441099643921
17.92,29.82383667364384,2.353220922812064
17.94,29.87089888507629,2.353000584808556
17.96,29.91795669703619,2.352781036739288
17.98,29.96501012654586,2.352561113851731
18.0,30.01205914159026,2.352341008075194
