system,run_name,sim_type,run_completed,energy_ev,sigma_bohr,L_bohr,n_electrons,r_s,dt_au,n_steps,total_time_au,write_every,norm_after,max_overlap,date_finished,wall_time_s,run_path,n_observables,observables_csv,eigenvalues,wp_momentum_stats,wp_realspace_stats,state_energies,occupations,momentum_distribution,gamma_transitions,electron_track,report_md,loss_function,energy_decomposition,gs_basis_decomposition,knudsen_ke,kl_divergence,bath_energy,stopping_curve,overlap_heatmap,momentum_before_after,planewave_decomposition,momentum_2d_map,density_fourier,density_gifs,density_total_vti,density_system_vti,density_wp_vti,density_delta_vti,wp_wavefunction_vti,overlap_wp,overlap_full,overlap_proxies,leed_screens
coronene,run_35x35x40,coronene,true,200.0,1.001554773958,34.77095819023999 34.77095819023999 40,108,,0.02,430,8.6,10,1,5.773696736580089e-06,2026-04-28T01:01:56,1540.3022718,ResearchProject/systems/coronene/run_35x35x40,8,1,1,0,0,0,0,0,0,0,0,0,0,0,0,0,0,0,0,0,0,0,0,1,1,1,1,0,0,1,0,0,1
coronene,run_E30,coronene,true,30.0,1.001554773958,34.77095819023999 34.77095819023999 59.90431383862,108,,0.02,1446,28.92,10,1,0.002659843279221652,2026-04-27T22:04:58,7281.398232464,ResearchProject/systems/coronene/run_E30,8,1,1,0,0,0,0,0,0,0,0,0,0,0,0,0,0,0,0,0,0,0,0,1,1,1,1,0,0,1,0,0,1
coronene,run_E30_s3,coronene,true,30.0,3.004664321874,34.77095819023999 34.77095819023999 59.90431383862,108,,0.02,1514,30.28,10,0.9999999999999998,0.0001381262636228276,2026-04-28T00:18:10,6908.416408011,ResearchProject/systems/coronene/run_E30_s3,8,1,1,0,0,0,0,0,0,0,0,0,0,0,0,0,0,0,0,0,0,0,0,1,1,1,1,0,0,1,0,0,1
coronene,run_E800,coronene,true,800.0,1.001554773958,34.77095819023999 34.77095819023999 59.90431383862,108,,0.02,280,5.600000000000001,10,1,5.203882630999201e-09,2026-04-27T20:31:25,1650.796616359,ResearchProject/systems/coronene/run_E800,8,1,1,0,0,0,0,0,0,0,0,0,0,0,0,0,0,0,0,0,0,0,0,1,1,1,1,0,0,1,0,0,1
coronene,run_E800_s0p33,coronene,true,800.0,0.3338515913193333,34.77095819023999 34.77095819023999 59.90431383862,108,,0.02,276,5.52,10,0.9999999999999998,5.917266732339124e-05,2026-04-27T22:38:48,1791.841003746,ResearchProject/systems/coronene/run_E800_s0p33,8,1,1,0,0,0,0,0,0,0,0,0,0,0,0,0,0,0,0,0,0,0,0,1,1,1,1,0,0,1,0,0,1
coronene,run_b18_35x35x80,coronene,true,200.0,1.001554773958,34.77095819023999 34.77095819023999 80,108,,0.02,769,15.38,10,1,4.900574930333398e-06,2026-04-28T00:31:50,6528.470315011,ResearchProject/systems/coronene/run_b18_35x35x80,8,1,1,0,0,0,0,0,0,0,0,0,0,0,0,0,0,0,0,0,0,0,0,1,1,1,1,0,0,1,0,0,1
coronene,run_b6_35x35x80,coronene,true,200.0,1.001554773958,34.77095819023999 34.77095819023999 80,108,,0.02,613,12.26,10,1,1.758158656674094e-05,2026-04-28T01:39:55,4658.034563463,ResearchProject/systems/coronene/run_b6_35x35x80,8,1,1,0,0,0,0,0,0,0,0,0,0,0,0,0,0,0,0,0,0,0,0,1,1,1,1,0,0,1,0,0,1
coronene,run_base,coronene,true,200.0,1.001554773958,34.77095819023999 34.77095819023999 59.90431383862,108,,0.02,560,11.2,10,1,5.111439459374274e-06,2026-04-27T18:57:12,2862.014580887,ResearchProject/systems/coronene/run_base,8,1,1,0,0,0,0,0,0,0,0,0,0,0,0,0,0,0,0,0,0,0,0,1,1,1,1,0,0,1,0,0,1
jellium,run_base_n138,coronene,true,100.0,1.001554773958,60.0,138,7.203,0.02,320,6.4,2,0.9999999999999999,0.0008386418290931132,2026-05-04T17:07:38,1510.523788304,ResearchProject/systems/jellium/run_base_n138,11,1,1,0,0,1,0,1,1,0,0,0,0,0,0,0,0,0,0,0,0,0,0,1,1,1,1,0,0,1,0,0,1
jellium,run_base_n138_L50_E1p5,coronene,true,1.5,5.0,50.0,138,6.002,0.02,1500,30,2,0.9999999999999999,0.1315456599481349,2026-05-05T15:00:19,638.515754945,ResearchProject/systems/jellium/run_base_n138_L50_E1p5,12,1,1,0,0,1,1,1,1,0,0,0,0,0,0,0,0,0,0,0,0,0,0,1,1,1,1,0,0,1,0,0,1
jellium,run_base_n162_L50_E1p5,coronene,true,1.5,5.0,50.0,162,5.69,0.02,1500,30,2,1,0.1306990261385974,2026-05-05T16:11:50,715.025002481,ResearchProject/systems/jellium/run_base_n162_L50_E1p5,12,1,1,0,0,1,1,1,1,0,0,0,0,0,0,0,0,0,0,0,0,0,0,1,1,1,1,0,0,1,0,0,1
coronene,run_broadening_35x35x80,coronene,true,200.0,1.001554773958,34.77095819023999 34.77095819023999 80,108,,0.02,848,16.96,1,1,4.143529813241134e-05,2026-05-31T17:55:03,8941.089630283999,/local/data/public/skcb2/tddft/ResearchProject/systems/coronene/run_broadening_35x35x80,8,1,1,0,0,0,0,0,0,0,0,0,0,0,0,0,0,0,0,0,0,0,0,0,1,1,1,0,1,1,0,0,1
coronene,run_cc_bond,coronene,true,200.0,1.001554773958,34.77095819023999 34.77095819023999 59.90431383862,108,,0.02,560,11.2,10,1,6.024895704279552e-06,2026-05-24T05:13:46,2861.486809203,ResearchProject/systems/coronene/run_cc_bond,9,1,1,0,0,0,0,0,0,0,1,0,0,0,0,0,0,0,0,0,0,0,0,1,1,1,1,0,0,1,0,0,1
jellium,run_classical_e1500_L50_cubic,classical,true,,,50.0,162,5.69,0.005,860,4.3,4,,,2026-05-08T20:27:58,11844.325387168,ResearchProject/systems/jellium/run_classical_e1500_L50_cubic,14,1,1,0,0,1,1,1,0,1,1,0,0,0,0,0,1,1,0,0,0,0,0,1,1,1,0,1,0,0,1,0,0
jellium,run_classical_n162_L30_E100_highdens,classical,true,100.0,,30.0,162,3.414,0.02,508,10.16,2,,,2026-05-17T20:02:29,1759.362048596,ResearchProject/systems/jellium/run_classical_n162_L30_E100_highdens,16,1,1,0,0,1,1,1,0,1,1,0,0,0,0,0,1,1,1,0,0,0,0,1,1,1,0,1,0,0,1,1,0
jellium,run_classical_n162_L30_E200_highdens,classical,true,200.0,,30.0,162,3.414,0.02,215,4.3,2,,,2026-05-24T06:41:39,751.654562003,ResearchProject/systems/jellium/run_classical_n162_L30_E200_highdens,16,1,1,0,0,1,1,1,0,1,1,0,0,0,0,0,1,1,1,0,0,0,0,1,1,1,0,1,0,0,1,1,0
jellium,run_classical_n162_L30_E300_highdens,classical,true,300.0,,30.0,162,3.414,0.02,190,3.8,2,,,2026-05-24T06:57:11,679.32239824,ResearchProject/systems/jellium/run_classical_n162_L30_E300_highdens,16,1,1,0,0,1,1,1,0,1,1,0,0,0,0,0,1,1,1,0,0,0,0,1,1,1,0,1,0,0,1,1,0
jellium,run_classical_n162_L30_E300_highdens_v2,classical,true,300.0,,30.0,162,3.414,0.01,533,5.33,2,,,2026-05-26T03:40:17,4925.09287361,ResearchProject/systems/jellium/run_classical_n162_L30_E300_highdens_v2,16,1,1,0,0,1,1,1,0,1,1,0,0,0,0,0,1,1,1,0,0,0,0,1,1,1,0,1,0,0,1,1,0
jellium,run_classical_n162_L30_E50_highdens,classical,true,50.0,,30.0,162,3.414,0.02,320,6.4,2,,,2026-05-24T06:24:43,1132.904107712,ResearchProject/systems/jellium/run_classical_n162_L30_E50_highdens,16,1,1,0,0,1,1,1,0,1,1,0,0,0,0,0,1,1,1,0,0,0,0,1,1,1,0,1,0,0,1,1,0
jellium,run_classical_n162_L30_E50_highdens_v2,classical,true,50.0,,30.0,162,3.414,0.01,1305,13.05,4,,,2026-05-26T01:41:45,4613.758900494,ResearchProject/systems/jellium/run_classical_n162_L30_E50_highdens_v2,16,1,1,0,0,1,1,1,0,1,1,0,0,0,0,0,1,1,1,0,0,0,0,1,1,1,0,1,0,0,1,1,0
jellium,run_classical_n162_L50_E100,classical,true,100.0,,50.0,162,5.69,0.02,646,12.92,2,,,2026-05-13T20:15:32,11900.925839998,ResearchProject/systems/jellium/run_classical_n162_L50_E100,16,1,1,0,0,1,1,1,0,1,1,0,0,0,0,0,1,1,1,0,0,0,0,1,1,1,0,1,0,0,1,1,0
jellium,run_classical_n162_L50_E100_sigma1,classical,true,100.0,1.0,50.0,162,5.69,0.02,475,9.5,2,,,2026-05-17T23:19:10,8650.652202809,ResearchProject/systems/jellium/run_classical_n162_L50_E100_sigma1,16,1,1,0,0,1,1,1,0,1,1,0,0,0,0,0,1,1,1,0,0,0,0,1,1,1,0,1,0,0,1,1,0
jellium,run_classical_n162_L50_E100_v2,classical,true,100.0,,50.0,162,5.69,0.01,1660,16.6,6,,,2026-05-25T18:48:31,22715.716249585,ResearchProject/systems/jellium/run_classical_n162_L50_E100_v2,16,1,1,0,0,1,1,1,0,1,1,0,0,0,0,0,1,1,1,0,0,0,0,1,1,1,0,1,0,0,1,1,0
jellium,run_classical_n162_L50_E20,classical,true,20.0,,50.0,162,5.69,0.02,1031,20.62,3,,,2026-05-19T03:25:35,17316.072718142,ResearchProject/systems/jellium/run_classical_n162_L50_E20,16,1,1,0,0,1,1,1,0,1,1,0,0,0,0,0,1,1,1,0,0,0,0,1,1,1,0,1,0,0,1,1,0
jellium,run_classical_n162_L50_E25,classical,true,25.0,,50.0,162,5.69,0.02,923,18.46,3,,,2026-05-19T01:06:20,17425.150527185,ResearchProject/systems/jellium/run_classical_n162_L50_E25,16,1,1,0,0,1,1,1,0,1,1,0,0,0,0,0,1,1,1,0,0,0,0,1,1,1,0,1,0,0,1,1,0
jellium,run_classical_n162_L50_E300_v2,classical,true,300.0,,50.0,162,5.69,0.01,958,9.58,3,,,2026-05-25T23:42:44,14629.694349669,ResearchProject/systems/jellium/run_classical_n162_L50_E300_v2,16,1,1,0,0,1,1,1,0,1,1,0,0,0,0,0,1,1,1,0,0,0,0,1,1,1,0,1,0,0,1,1,0
jellium,run_classical_n162_L50_E50,classical,true,50.0,,50.0,162,5.69,0.02,913,18.26,2,,,2026-05-14T14:29:22,16591.338028521,ResearchProject/systems/jellium/run_classical_n162_L50_E50_attempt2,16,1,1,0,0,1,1,1,0,1,1,0,0,0,0,0,1,1,1,0,0,0,0,1,1,1,0,1,0,0,1,1,0
jellium,run_classical_n162_L50_E50_v2,classical,true,50.0,,50.0,162,5.69,0.01,2349,23.49,8,,,2026-05-26T03:44:28,55638.914740951,ResearchProject/systems/jellium/run_classical_n162_L50_E50_v2,16,1,1,0,0,1,1,1,0,1,1,0,0,0,0,0,1,1,1,0,0,0,0,1,1,1,0,1,0,0,1,1,0
jellium,run_classical_n162_L50_E600,classical,true,600.0,,50.0,162,5.69,0.02,264,5.28,2,,,2026-05-13T22:15:28,4931.304321541,ResearchProject/systems/jellium/run_classical_n162_L50_E600,16,1,1,0,0,1,1,1,0,1,1,0,0,0,0,0,1,1,1,0,0,0,0,1,1,1,0,1,0,0,1,1,0
jellium,run_classical_n162_L50_E600_v2,classical,true,600.0,,50.0,162,5.69,0.02,189,3.78,1,,,2026-05-20T03:55:29,4108.804013795,ResearchProject/systems/jellium/run_classical_n162_L50_E600_v2,16,1,1,0,0,1,1,1,0,1,1,0,0,0,0,0,1,1,1,0,0,0,0,1,1,1,0,1,0,0,1,1,0
jellium,run_free_wp_L30_E100_sigma1,free_wp,true,100.0,1.0,30.0,,,0.02,268,5.36,1,0.9999999974622945,,2026-05-26T00:39:08,139.36,ResearchProject/systems/jellium/run_free_wp_L30_E100_sigma1,4,1,0,1,1,0,0,0,0,0,0,0,0,0,0,0,0,0,0,0,0,0,0,0,1,0,0,0,0,0,0,0,0
jellium,run_free_wp_L50_E100,free_wp,true,100.0,5.0,50.0,,,0.02,462,9.24,2,0.9999999962111858,,2026-05-17T15:02:33,291.445,ResearchProject/systems/jellium/run_free_wp_L50_E100,4,1,0,1,1,0,0,0,0,0,1,0,0,0,0,0,0,0,0,0,0,0,0,0,0,0,0,0,0,0,0,0,0
jellium,run_free_wp_L50_E100_dens,free_wp,true,100.0,5.0,50.0,2,24.619,0.02,462,9.24,2,0.9999999962111858,0,2026-05-29T02:04:45,552.524372919,ResearchProject/systems/jellium/run_free_wp_L50_E100_dens,11,1,0,1,1,1,1,1,0,0,0,0,0,0,0,0,0,0,0,0,0,0,0,0,1,1,1,1,1,0,0,0,0
jellium,run_free_wp_L50_E100_sigma1,free_wp,true,100.0,1.0,50.0,,,0.02,475,9.5,2,0.9999999974622947,,2026-05-17T20:48:20,387.085,ResearchProject/systems/jellium/run_free_wp_L50_E100_sigma1,7,1,0,1,1,0,0,0,0,0,1,0,0,0,1,0,0,0,0,0,0,0,0,1,1,0,0,0,0,0,0,0,0
jellium,run_free_wp_L50_E25_sigma1_v2,free_wp,true,25.0,1.0,50.0,2,24.619,0.01,1100,11,4,0.9999999974622947,0,2026-05-27T14:58:30,1137.519357503,ResearchProject/systems/jellium/run_free_wp_L50_E25_sigma1_v2,15,1,0,1,1,1,1,1,0,0,1,0,0,0,1,1,0,0,0,0,0,0,0,1,1,1,1,1,1,0,0,0,0
jellium,run_plasmon_n162_L50_E15,coronene,true,15.0,5.0,50.0,162,5.69,0.02,100000,2000,200,1,0.0001510266299224973,2026-05-06T04:30:59,24570.673066709,ResearchProject/systems/jellium/run_plasmon_n162_L50_E15,12,1,1,0,0,1,1,1,1,0,0,0,0,0,0,0,0,0,0,0,0,0,0,1,1,1,1,0,0,1,0,0,1
jellium,run_plasmon_n162_L50_E3p4_varyv,coronene,true,3.4,3.0,50.0,162,5.69,0.02,100000,2000,200,0.9999999999999999,0.06519086798049194,2026-05-06T19:49:05,24571.263906376,ResearchProject/systems/jellium/run_plasmon_n162_L50_E3p4_varyv,12,1,1,0,0,1,1,1,1,0,0,0,0,0,0,0,0,0,0,0,0,0,0,1,1,1,1,0,0,1,0,0,1
coronene,run_propagate_paper_replica,unknown,,,1.001554773958,34.77095819023999 34.77095819023999 59.90431383862,,,0.02,,,10,,,,,ResearchProject/systems/coronene/run_propagate_paper_replica,2,1,0,0,0,0,0,0,0,0,0,0,0,0,0,0,0,0,0,0,0,0,0,1,0,0,0,0,0,0,0,0,0
coronene,run_s0p33,coronene,true,200.0,0.3338515913193333,34.77095819023999 34.77095819023999 59.90431383862,108,,0.02,551,11.02,10,1,0.0006601909266108505,2026-04-27T21:29:27,3238.392381771,ResearchProject/systems/coronene/run_s0p33,8,1,1,0,0,0,0,0,0,0,0,0,0,0,0,0,0,0,0,0,0,0,0,1,1,1,1,0,0,1,0,0,1
coronene,run_s3,coronene,true,200.0,3.004664321874,34.77095819023999 34.77095819023999 59.90431383862,108,,0.02,586,11.72,10,1,9.588546949924479e-06,2026-04-27T22:18:43,2717.704750276,ResearchProject/systems/coronene/run_s3,8,1,1,0,0,0,0,0,0,0,0,0,0,0,0,0,0,0,0,0,0,0,0,1,1,1,1,0,0,1,0,0,1
coronene,run_save_gs_paper_replica,unknown,,,,34.77095819023999 34.77095819023999 59.90431383862,,,,,,,,,,,ResearchProject/systems/coronene/run_save_gs_paper_replica,0,0,0,0,0,0,0,0,0,0,0,0,0,0,0,0,0,0,0,0,0,0,0,0,0,0,0,0,0,0,0,0,0
jellium,run_sv_sigma0p5,unknown,,,0.5,,,,,,,,,,,,/local/data/public/skcb2/tddft/ResearchProject/systems/jellium/run_sv_sigma0p5,2,1,0,0,0,0,0,0,0,1,0,0,0,0,0,0,0,0,0,0,0,0,0,0,0,0,0,0,0,0,0,0,0
jellium,run_wp_e1500_L50_cubic,wp,false,,5.0,50.0,162,5.69,0.005,,,,,,,,ResearchProject/systems/jellium/run_wp_e1500_L50_cubic,10,1,1,0,0,1,1,1,0,0,0,0,0,0,0,0,0,0,0,0,0,0,0,0,1,1,1,1,0,0,1,0,0
jellium,run_wp_n162_L30_E100_highdens,wp,true,100.0,0.5,30.0,162,3.414,0.02,508,10.16,2,1,0.01202347565763812,2026-05-17T19:51:44,1106.855284757,ResearchProject/systems/jellium/run_wp_n162_L30_E100_highdens,18,1,1,1,1,1,1,1,1,0,1,0,0,0,1,1,0,0,1,0,0,0,0,1,1,1,0,1,0,0,1,1,0
jellium,run_wp_n162_L30_E100_highdens_sigma1,wp,true,100.0,1.0,30.0,162,3.414,0.02,268,5.36,2,1,0.003137083523269091,2026-05-21T13:02:50,530.303601032,ResearchProject/systems/jellium/run_wp_n162_L30_E100_highdens_sigma1,18,1,1,1,1,1,1,1,1,0,1,0,0,0,1,1,0,0,1,0,0,0,0,1,1,1,0,1,0,0,1,1,0
jellium,run_wp_n162_L30_E100_highdens_sigma1_v2,wp,true,100.0,1.0,30.0,162,3.414,0.01,535,5.350000000000001,2,1,0.003137083523269091,2026-05-25T10:49:23,1139.791847935,ResearchProject/systems/jellium/run_wp_n162_L30_E100_highdens_sigma1_v2,21,1,1,1,1,1,1,1,1,0,1,0,0,1,1,1,0,0,1,0,0,0,0,1,1,1,1,1,1,0,1,1,0
jellium,run_wp_n162_L30_E200_highdens_sigma1,wp,true,200.0,1.0,30.0,162,3.414,0.02,215,4.3,2,0.9999999999999999,0.0001137607559090081,2026-05-24T06:37:00,463.452285587,ResearchProject/systems/jellium/run_wp_n162_L30_E200_highdens_sigma1,18,1,1,1,1,1,1,1,1,0,1,0,0,0,1,1,0,0,1,0,0,0,0,1,1,1,0,1,0,0,1,1,0
jellium,run_wp_n162_L30_E200_highdens_sigma1_v2,wp,true,200.0,1.0,30.0,162,3.414,0.01,430,4.3,1,0.9999999999999999,0.0001137607559090081,2026-05-25T11:36:05,1177.162734922,ResearchProject/systems/jellium/run_wp_n162_L30_E200_highdens_sigma1_v2,21,1,1,1,1,1,1,1,1,0,1,0,0,1,1,1,0,0,1,0,0,0,0,1,1,1,1,1,1,0,1,1,0
jellium,run_wp_n162_L30_E300_highdens_sigma1,wp,true,300.0,1.0,30.0,162,3.414,0.02,190,3.8,2,1,4.576385913746676e-06,2026-05-24T06:52:57,413.259770706,ResearchProject/systems/jellium/run_wp_n162_L30_E300_highdens_sigma1,18,1,1,1,1,1,1,1,1,0,1,0,0,0,1,1,0,0,1,0,0,0,0,1,1,1,0,1,0,0,1,1,0
jellium,run_wp_n162_L30_E300_highdens_sigma1_v2,wp,true,300.0,1.0,30.0,162,3.414,0.01,380,3.8,1,1,4.576385913746676e-06,2026-05-25T11:54:03,946.16320376,ResearchProject/systems/jellium/run_wp_n162_L30_E300_highdens_sigma1_v2,21,1,1,1,1,1,1,1,1,0,1,0,0,1,1,1,0,0,1,0,0,0,0,1,1,1,1,1,1,0,1,1,0
jellium,run_wp_n162_L30_E50_highdens_sigma1,wp,true,50.0,1.0,30.0,162,3.414,0.02,320,6.4,2,0.9999999999999999,0.01699391247601604,2026-05-24T06:17:20,676.92101452,ResearchProject/systems/jellium/run_wp_n162_L30_E50_highdens_sigma1,18,1,1,1,1,1,1,1,1,0,1,0,0,0,1,1,0,0,1,0,0,0,0,1,1,1,0,1,0,0,1,1,0
jellium,run_wp_n162_L30_E50_highdens_sigma1_v2,wp,true,50.0,1.0,30.0,162,3.414,0.01,640,6.4,2,0.9999999999999999,0.01699391247601604,2026-05-25T09:58:19,1334.585643192,ResearchProject/systems/jellium/run_wp_n162_L30_E50_highdens_sigma1_v2,21,1,1,1,1,1,1,1,1,0,1,0,0,1,1,1,0,0,1,0,0,0,0,1,1,1,1,1,1,0,1,1,0
jellium,run_wp_n162_L50_E100,wp,true,100.0,5.0,50.0,162,5.69,0.02,646,12.92,2,0.9999999999999999,0.0001525323356397826,2026-05-13T18:47:57,6640.970266422,ResearchProject/systems/jellium/run_wp_n162_L50_E100,16,1,1,0,0,1,1,1,1,0,1,0,0,0,1,1,0,0,1,0,0,0,0,1,1,1,0,1,0,0,1,1,0
jellium,run_wp_n162_L50_E100_sigma0p5,wp,true,100.0,0.5,50.0,162,5.69,0.02,240,4.8,1,0.9999999999999999,0.00729382518745045,2026-05-18T19:19:22,3367.688352647,ResearchProject/systems/jellium/run_wp_n162_L50_E100_sigma0p5,18,1,1,1,1,1,1,1,1,0,1,0,0,0,1,1,0,0,1,0,0,0,0,1,1,1,0,1,0,0,1,1,0
jellium,run_wp_n162_L50_E100_sigma1,wp,true,100.0,1.0,50.0,162,5.69,0.02,475,9.5,2,1,0.001261815188681984,2026-05-17T21:33:53,5604.770896651,ResearchProject/systems/jellium/run_wp_n162_L50_E100_sigma1,18,1,1,1,1,1,1,1,1,0,1,0,0,0,1,1,0,0,1,0,0,0,0,1,1,1,0,1,0,0,1,1,0
jellium,run_wp_n162_L50_E100_sigma1_v2,wp,true,100.0,1.0,50.0,162,5.69,0.01,950,9.5,3,1,0.001261815188681984,2026-05-24T22:50:17,8320.903491929999,ResearchProject/systems/jellium/run_wp_n162_L50_E100_sigma1_v2,22,1,1,1,1,1,1,1,1,0,1,0,0,1,1,1,0,0,1,0,0,1,0,1,1,1,1,1,1,0,1,1,0
jellium,run_wp_n162_L50_E100_sigma1_v3,wp,true,100.0,1.0,50.0,162,5.69,0.02,475,9.5,2,1,0.001261815188681984,2026-05-26T04:28:52,7962.276455509,ResearchProject/systems/jellium/run_wp_n162_L50_E100_sigma1_v3,12,1,1,1,1,1,1,1,0,0,0,0,0,0,0,0,0,0,0,0,0,0,0,0,1,1,0,1,0,0,1,1,0
jellium,run_wp_n162_L50_E100_sigma3,wp,true,100.0,3.0,50.0,162,5.69,0.02,646,12.92,2,1,3.857538433199312e-06,2026-05-18T18:07:23,7095.964556011,ResearchProject/systems/jellium/run_wp_n162_L50_E100_sigma3,18,1,1,1,1,1,1,1,1,0,1,0,0,0,1,1,0,0,1,0,0,0,0,1,1,1,0,1,0,0,1,1,0
jellium,run_wp_n162_L50_E100_sigma8,wp,true,100.0,8.0,50.0,162,5.69,0.02,332,6.640000000000001,1,0.9999999999999999,0.0001902491336393834,2026-05-18T19:35:00,5011.109038119,ResearchProject/systems/jellium/run_wp_n162_L50_E100_sigma8,18,1,1,1,1,1,1,1,1,0,1,0,0,0,1,1,0,0,1,0,0,0,0,1,1,1,0,1,0,0,1,1,0
jellium,run_wp_n162_L50_E100_v2,wp,true,100.0,5.0,50.0,162,5.69,0.02,462,9.24,2,1,4.510878222180877e-06,2026-05-17T18:40:46,4859.765585455,ResearchProject/systems/jellium/run_wp_n162_L50_E100_v2,15,1,1,1,1,1,1,1,0,0,0,0,0,0,1,1,0,0,0,0,0,0,0,1,1,1,0,1,0,0,1,1,0
jellium,run_wp_n162_L50_E100_x40,wp,true,100.0,5.0,50.0,162,5.69,0.02,462,9.24,2,1,3.946592968897764e-06,2026-05-18T14:46:29,5880.509182295,ResearchProject/systems/jellium/run_wp_n162_L50_E100_x40,18,1,1,1,1,1,1,1,1,0,1,0,0,0,1,1,0,0,1,0,0,0,0,1,1,1,0,1,0,0,1,1,0
jellium,run_wp_n162_L50_E100_x80,wp,false,100.0,5.0,50.0,162,5.69,0.02,,,,,,,,ResearchProject/systems/jellium/run_wp_n162_L50_E100_x80,12,1,1,1,1,1,1,1,0,0,0,0,0,0,0,0,0,0,0,0,0,0,0,0,1,1,0,1,0,0,1,1,0
jellium,run_wp_n162_L50_E20,wp,true,20.0,5.0,50.0,162,5.69,0.02,1031,20.62,3,1,8.446108459407015e-06,2026-05-18T22:32:30,8183.18965412,ResearchProject/systems/jellium/run_wp_n162_L50_E20,18,1,1,1,1,1,1,1,1,0,1,0,0,0,1,1,0,0,1,0,0,0,0,1,1,1,0,1,0,0,1,1,0
jellium,run_wp_n162_L50_E200_sigma1,wp,false,200.0,1.0,50.0,162,5.69,0.02,,,,,,,,ResearchProject/systems/jellium/run_wp_n162_L50_E200_sigma1,12,1,1,1,1,1,1,1,0,0,0,0,0,0,0,0,0,0,0,0,0,0,0,0,1,1,0,1,0,0,1,1,0
jellium,run_wp_n162_L50_E200_sigma1_v2,wp,true,200.0,1.0,50.0,162,5.69,0.01,800,8,3,1,3.441771264653953e-05,2026-05-25T09:05:28,6978.008903082,ResearchProject/systems/jellium/run_wp_n162_L50_E200_sigma1_v2,21,1,1,1,1,1,1,1,1,0,1,0,0,1,1,1,0,0,1,0,0,0,0,1,1,1,1,1,1,0,1,1,0
jellium,run_wp_n162_L50_E20_sigma1,wp,true,20.0,1.0,50.0,162,5.69,0.02,475,9.5,2,1,0.02312850744181243,2026-05-19T15:14:11,5063.047494054,ResearchProject/systems/jellium/run_wp_n162_L50_E20_sigma1,12,1,1,1,1,1,1,1,0,0,0,0,0,0,0,0,0,0,0,0,0,0,0,0,1,1,0,1,0,0,1,1,0
jellium,run_wp_n162_L50_E20_sigma1_v2,wp,true,20.0,1.0,50.0,162,5.69,0.01,1140,11.4,4,1,0.02312850744181243,2026-05-25T06:36:14,19822.406446183,ResearchProject/systems/jellium/run_wp_n162_L50_E20_sigma1_v2,21,1,1,1,1,1,1,1,1,0,1,0,0,1,1,1,0,0,1,0,0,0,0,1,1,1,1,1,1,0,1,1,0
jellium,run_wp_n162_L50_E25,wp,true,25.0,5.0,50.0,162,5.69,0.02,923,18.46,3,1,7.888556868931079e-06,2026-05-17T17:13:44,8279.186461416,ResearchProject/systems/jellium/run_wp_n162_L50_E25,15,1,1,1,1,1,1,1,0,0,0,0,0,0,1,1,0,0,0,0,0,0,0,1,1,1,0,1,0,0,1,1,0
jellium,run_wp_n162_L50_E25_sigma1,wp,true,25.0,1.0,50.0,162,5.69,0.02,475,9.5,2,1,0.01928423570340093,2026-05-19T15:06:23,4594.573635119,ResearchProject/systems/jellium/run_wp_n162_L50_E25_sigma1,12,1,1,1,1,1,1,1,0,0,0,0,0,0,0,0,0,0,0,0,0,0,0,0,1,1,0,1,0,0,1,1,0
jellium,run_wp_n162_L50_E25_sigma1_v2,wp,true,25.0,1.0,50.0,162,5.69,0.01,1100,11,4,1,0.01928423570340093,2026-05-25T05:33:33,15825.242035735,ResearchProject/systems/jellium/run_wp_n162_L50_E25_sigma1_v2,21,1,1,1,1,1,1,1,1,0,1,0,0,1,1,1,0,0,1,0,0,0,0,1,1,1,1,1,1,0,1,1,0
jellium,run_wp_n162_L50_E300,wp,true,300.0,5.0,50.0,162,5.69,0.02,374,7.48,2,0.9999999999999999,9.866164447054415e-05,2026-05-14T07:22:40,3887.735882227,ResearchProject/systems/jellium/run_wp_n162_L50_E300,16,1,1,0,0,1,1,1,1,0,1,0,0,0,1,1,0,0,1,0,0,0,0,1,1,1,0,1,0,0,1,1,0
jellium,run_wp_n162_L50_E300_sigma1,wp,true,300.0,1.0,50.0,162,5.69,0.02,335,6.7,2,1,9.073945255363708e-07,2026-05-21T12:48:52,3287.056478024,ResearchProject/systems/jellium/run_wp_n162_L50_E300_sigma1,18,1,1,1,1,1,1,1,1,0,1,0,0,0,1,1,0,0,1,0,0,0,0,1,1,1,0,1,0,0,1,1,0
jellium,run_wp_n162_L50_E300_sigma1_v2,wp,true,300.0,1.0,50.0,162,5.69,0.01,700,7,2,1,9.073945255363708e-07,2026-05-25T10:58:48,7074.522579611,ResearchProject/systems/jellium/run_wp_n162_L50_E300_sigma1_v2,21,1,1,1,1,1,1,1,1,0,1,0,0,1,1,1,0,0,1,0,0,0,0,1,1,1,1,1,1,0,1,1,0
jellium,run_wp_n162_L50_E300_v2,wp,true,300.0,5.0,50.0,162,5.69,0.02,267,5.34,1,0.9999999999999999,2.950319001573989e-06,2026-05-20T01:41:35,3797.423919975,ResearchProject/systems/jellium/run_wp_n162_L50_E300_v2,18,1,1,1,1,1,1,1,1,0,1,0,0,0,1,1,0,0,1,0,0,0,0,1,1,1,0,1,0,0,1,1,0
jellium,run_wp_n162_L50_E50,wp,true,50.0,5.0,50.0,162,5.69,0.02,913,18.26,2,1,0.0002066139641280979,2026-05-14T13:38:12,13523.105371217,ResearchProject/systems/jellium/run_wp_n162_L50_E50_attempt2,14,1,1,0,0,1,1,1,1,0,1,0,0,0,0,0,0,0,1,0,0,0,0,1,1,1,0,1,0,0,1,1,0
jellium,run_wp_n162_L50_E50_sigma1,wp,true,50.0,1.0,50.0,162,5.69,0.02,570,11.4,2,1,0.007773063973913321,2026-05-24T06:00:23,5650.493500102,ResearchProject/systems/jellium/run_wp_n162_L50_E50_sigma1,18,1,1,1,1,1,1,1,1,0,1,0,0,0,1,1,0,0,1,0,0,0,0,1,1,1,0,1,0,0,1,1,0
jellium,run_wp_n162_L50_E50_sigma1_v2,wp,true,50.0,1.0,50.0,162,5.69,0.01,1140,11.4,4,1,0.007773063973913321,2026-05-25T08:28:04,8394.119366212,ResearchProject/systems/jellium/run_wp_n162_L50_E50_sigma1_v2,21,1,1,1,1,1,1,1,1,0,1,0,0,1,1,1,0,0,1,0,0,0,0,1,1,1,1,1,1,0,1,1,0
jellium,run_wp_n162_L50_E50_v2,wp,true,50.0,5.0,50.0,162,5.69,0.02,653,13.06,2,0.9999999999999999,6.003387723017099e-06,2026-05-20T02:56:45,8315.020681708,ResearchProject/systems/jellium/run_wp_n162_L50_E50_v2,18,1,1,1,1,1,1,1,1,0,1,0,0,0,1,1,0,0,1,0,0,0,0,1,1,1,0,1,0,0,1,1,0
jellium,run_wp_n162_L50_E600,wp,true,600.0,5.0,50.0,162,5.69,0.02,264,5.28,2,1,8.224129330782756e-05,2026-05-13T20:21:38,3437.898582613,ResearchProject/systems/jellium/run_wp_n162_L50_E600,16,1,1,0,0,1,1,1,1,0,1,0,0,0,1,1,0,0,1,0,0,0,0,1,1,1,0,1,0,0,1,1,0
jellium,run_wp_n162_L50_E600_v2,wp,true,600.0,5.0,50.0,162,5.69,0.02,189,3.78,1,1,2.468724968096792e-06,2026-05-20T02:40:40,3289.209919784,ResearchProject/systems/jellium/run_wp_n162_L50_E600_v2,18,1,1,1,1,1,1,1,1,0,1,0,0,0,1,1,0,0,1,0,0,0,0,1,1,1,0,1,0,0,1,1,0
jellium,run_wp_n162_L50_E700_knudsen,wp,false,700.0,5.0,50.0,162,5.69,0.01,,,,,,,,ResearchProject/systems/jellium/run_wp_n162_L50_E700_knudsen,12,1,1,1,1,1,1,1,0,0,0,0,0,0,0,0,0,0,0,0,0,0,0,0,1,1,0,1,0,0,1,1,0
jellium,run_wp_n162_L50_E700_mpi_propagate,wp,true,700.0,5.0,50.0,,,0.01,,,,,,,49272.9,ResearchProject/systems/jellium/run_wp_n162_L50_E700_mpi_propagate,3,1,0,1,1,0,0,0,0,0,0,0,0,0,0,0,0,0,0,0,0,0,0,0,0,0,0,0,0,0,0,0,0
